student_id,subject_id,mark
1562,37,3
1498,100,1
4780,7,5
1062,64,10
4506,63,8
4290,95,9
4590,99,9
1785,98,7
3836,77,3
2812,83,8
4796,11,2
91,62,8
4253,32,2
174,72,2
547,49,1
417,8,5
702,77,10
3721,96,8
4853,14,1
4485,25,8
4522,88,4
963,12,1
3435,40,8
1715,20,7
4989,26,9
2364,26,4
533,41,7
4018,27,4
262,67,7
330,40,9
4624,50,5
4834,73,10
3417,16,6
2278,19,3
591,82,7
841,79,2
4725,7,10
51,32,2
3062,79,1
2341,40,6
4670,34,3
2794,55,3
1258,60,8
3291,52,2
1650,35,5
3442,12,6
3658,8,8
3748,70,6
4376,55,1
2012,87,10
3665,86,6
2976,36,10
3032,21,1
974,94,2
3386,37,10
1670,81,8
1081,32,9
4760,16,6
4434,57,10
4952,69,7
3571,15,3
3640,86,5
2300,85,10
1730,35,10
2319,35,6
442,11,1
1734,76,3
3223,40,8
644,92,9
657,23,10
3246,37,6
4349,34,6
766,46,5
2544,45,9
2437,9,4
576,33,10
4463,24,5
4032,37,2
3280,74,3
3301,51,7
3444,16,4
2208,77,3
1163,80,9
1739,63,6
4592,8,7
2651,88,6
1861,24,8
4903,79,6
3301,47,2
2371,46,1
2646,5,1
103,71,2
3112,44,9
4975,30,2
2473,93,4
3490,18,3
3523,97,4
1288,68,3
652,23,5
1913,44,5
2817,69,4
4320,5,2
2600,2,6
4308,85,9
569,43,8
4133,86,5
1434,72,10
140,90,9
1681,42,10
627,67,4
289,14,5
2327,75,5
817,98,9
1200,39,9
2996,96,9
4598,77,1
4204,49,8
1124,28,1
2571,61,4
1656,88,5
1730,56,8
1563,97,6
287,89,4
2823,79,2
5,16,3
1779,10,1
2658,12,1
1680,43,3
3098,80,8
3905,31,1
172,75,10
2697,35,6
2065,18,1
3334,96,9
2373,8,5
2962,19,7
4623,95,10
986,36,8
2939,56,9
4481,82,10
2593,3,3
796,81,7
1469,39,8
3750,59,7
3321,94,4
1450,74,9
803,90,3
857,69,3
3494,37,5
4297,58,6
615,61,4
2236,50,8
521,11,6
2320,80,10
2765,7,4
4167,95,5
1706,32,9
3411,89,4
1359,67,1
2909,3,9
2757,84,6
2074,36,2
1783,31,4
4606,13,1
3609,22,5
1052,56,7
3019,86,6
354,22,1
4731,11,10
3311,14,8
3962,16,9
3008,88,3
1955,17,8
1273,25,3
1603,45,7
2320,62,7
3220,74,5
2288,92,5
1454,17,5
2791,30,1
3930,44,6
549,31,3
79,100,7
1369,13,1
2820,44,9
2617,52,9
1617,61,9
1048,23,9
2096,1,3
1771,38,9
2499,19,1
1440,37,2
299,97,6
2892,46,5
2695,17,3
121,16,7
4539,41,3
4024,25,5
2503,5,9
2598,6,1
2222,37,5
3107,86,8
4322,33,10
1278,70,3
1644,57,1
2531,94,7
1778,16,10
919,4,6
4199,88,2
2955,30,7
153,3,6
4935,21,2
2811,84,1
858,39,2
3512,43,6
3019,35,10
3122,11,7
4144,27,9
4796,19,5
791,7,2
4024,50,10
659,68,9
786,19,5
742,35,9
3378,35,5
3713,44,2
4153,5,10
1694,56,3
367,72,6
4183,1,3
359,32,3
1435,87,10
4827,38,2
4576,21,9
4998,51,4
1469,68,5
1495,40,5
4660,84,5
1884,94,6
3893,22,6
276,60,5
1046,26,8
2553,13,2
2808,94,1
1221,38,6
4118,57,7
707,72,8
619,2,10
3432,50,2
602,29,9
2776,11,9
3192,57,9
1660,78,8
1045,24,6
939,47,9
4069,34,10
4890,80,10
1427,77,6
2107,94,6
2485,27,10
2740,70,7
2187,54,2
2016,62,10
4519,60,5
3853,68,9
3305,28,2
2356,96,1
998,2,4
2191,86,9
4476,31,5
2455,72,6
3022,68,1
3794,46,8
2575,4,2
1062,85,4
350,45,9
2487,94,3
3553,65,1
3960,87,2
1792,6,10
303,10,5
3052,39,9
4822,57,10
4501,57,3
96,89,8
3070,61,9
1570,69,10
2139,75,2
780,17,8
4829,95,8
2128,24,2
2874,81,2
3366,6,2
4149,8,4
4643,89,2
2098,92,4
2799,41,3
3823,88,4
2310,15,2
2831,11,8
4283,2,5
4632,15,9
3651,68,10
4409,35,5
2432,56,4
2518,73,1
2116,42,7
4707,54,2
3424,34,1
4786,23,4
4999,72,6
818,75,5
1540,85,6
638,77,6
4952,52,5
3245,26,5
2352,50,9
456,84,7
926,75,9
2000,90,3
4524,80,1
1914,93,10
3951,39,5
4709,8,4
1861,53,3
3756,9,6
2763,5,6
4975,2,2
3195,32,5
2872,72,2
679,71,3
3417,40,4
2470,57,6
16,31,10
1341,25,7
4680,27,2
1204,28,3
1255,78,2
4033,83,1
1241,10,2
1738,46,7
1143,30,1
1693,6,7
4800,70,1
567,12,3
3928,20,1
3462,25,7
2257,71,7
56,40,9
443,31,10
1933,48,3
1367,2,4
1320,100,7
933,72,1
1522,85,3
3603,11,1
2283,3,10
3550,63,10
1885,98,6
2473,90,8
3486,7,6
4160,25,3
2270,41,7
2233,76,2
2052,70,9
1133,2,6
4499,17,6
3283,43,4
1123,3,7
2694,22,6
1205,97,4
2844,18,4
2707,46,1
972,71,6
4544,17,10
2162,4,10
63,96,9
20,71,3
4033,52,6
4565,58,4
807,64,1
4474,94,8
228,66,10
1074,43,7
867,80,4
4132,51,7
3286,86,8
4084,3,3
4463,75,7
4507,80,9
2723,85,6
2743,48,2
4154,33,1
1508,33,10
4062,85,9
4397,24,1
4539,88,8
4087,84,4
3405,13,4
952,98,7
4806,60,5
2083,100,8
1543,5,6
1167,29,10
123,50,2
2716,60,9
1840,32,8
274,81,7
3589,80,2
3581,44,4
1720,65,1
112,38,8
921,39,5
904,18,2
4508,82,4
3496,55,8
1231,91,4
986,48,5
296,41,6
2087,13,3
3409,65,5
2162,30,4
12,89,8
1129,36,4
3819,65,3
1023,49,7
750,8,10
4027,43,9
4334,72,10
1814,90,4
2992,39,8
4629,19,2
2166,7,6
4677,9,4
4042,76,4
1921,5,4
1891,53,9
605,86,8
148,9,8
1694,94,1
1337,63,3
4319,57,8
1707,61,7
216,21,2
1741,93,6
4016,14,2
2694,44,1
4558,14,6
1939,93,1
2805,50,6
1029,5,7
4900,21,6
819,32,3
4557,9,7
3913,47,1
115,81,6
1913,55,10
3172,34,5
2285,7,6
4844,40,9
3181,50,9
4059,97,8
3523,84,10
1032,55,4
2718,70,1
701,26,4
704,53,4
661,85,9
3626,5,9
2605,33,10
2012,63,2
277,31,2
4317,5,6
3629,3,9
657,62,7
85,70,7
2725,87,10
4935,30,6
3097,83,2
3163,81,6
220,70,5
2119,66,4
3342,81,2
3923,16,6
92,98,4
4007,82,9
1420,42,9
177,46,3
2971,87,9
2676,97,9
256,39,9
2418,20,4
2974,37,5
4496,5,9
1858,5,2
222,72,3
517,2,9
1999,59,4
4167,88,6
324,23,5
3943,47,7
225,74,7
1969,95,9
4106,39,9
1191,62,6
2285,71,5
877,39,7
339,45,3
4957,76,7
3574,31,9
4826,42,6
3536,8,3
2072,36,2
2924,94,10
1587,28,3
3996,14,3
1743,63,1
4491,25,3
4679,21,4
1927,51,4
2395,53,7
4455,22,2
4533,25,9
2916,74,8
4643,43,7
1169,44,8
4765,60,5
3352,28,8
961,51,1
4191,65,4
708,27,5
2191,29,7
862,77,6
4673,17,1
1066,44,5
2795,54,5
944,43,9
4366,88,3
4200,31,2
2056,35,4
3334,85,6
3515,79,10
4793,55,2
2967,20,3
1471,47,7
2197,79,9
515,50,1
3916,44,1
3622,50,7
181,43,5
32,23,1
3611,81,6
2847,28,10
1145,69,8
719,96,9
4236,49,3
4088,55,9
1832,97,1
4579,94,1
2838,81,2
3956,26,4
140,99,10
836,14,10
1698,34,6
1480,68,3
1610,47,3
3975,76,10
4681,93,10
3952,13,5
3905,61,10
2382,100,8
2815,35,7
4509,27,6
1816,47,4
4924,73,6
2012,60,1
3586,56,5
1325,83,4
3639,43,8
3866,55,10
4352,93,7
1803,92,9
3229,36,10
7,94,2
419,33,1
2823,27,2
4902,43,9
4048,18,10
4487,60,10
2125,29,5
2959,4,7
1599,11,7
1163,15,3
424,92,4
3154,71,6
670,58,6
752,99,4
2548,81,9
3249,27,7
4828,22,2
4928,58,4
2002,80,6
1783,80,9
820,100,1
2472,55,8
3992,73,7
615,72,7
2425,100,6
149,8,10
3683,19,9
4630,59,7
77,87,7
2501,46,1
3479,63,4
666,93,8
4229,43,10
4144,58,10
1912,82,4
3793,18,9
3170,76,4
1844,36,3
3324,70,7
1838,86,5
43,20,5
4389,35,10
3898,59,8
2886,68,1
3543,48,7
666,44,7
3597,59,3
1779,92,7
1950,57,9
4760,10,7
392,4,6
1355,28,9
4401,16,6
2218,33,8
2898,61,5
1147,69,9
1406,69,3
1712,63,7
695,89,8
3487,53,8
3918,5,9
1651,100,8
1467,5,1
4383,27,4
1277,80,3
4394,28,9
2117,94,5
2582,67,8
1657,53,10
2373,21,9
1432,63,3
2839,57,10
1750,71,10
4800,60,10
1537,34,8
1057,84,1
3305,27,8
3293,92,3
2953,74,1
3451,28,6
4569,79,2
2488,59,7
2832,39,7
4098,34,6
3507,54,10
3515,53,8
4198,55,6
4048,17,10
4897,19,10
4251,53,1
961,93,10
3484,45,10
790,93,6
2293,62,2
1774,40,2
4592,19,6
3167,21,3
1881,29,9
4809,90,1
2511,74,5
1185,51,2
2321,26,10
2271,80,7
1390,88,7
4823,49,7
1546,47,4
148,89,4
3017,28,3
1892,99,3
4451,27,10
2536,69,1
1743,5,5
62,41,2
2044,90,1
1893,5,1
3866,19,4
1622,71,8
3215,27,9
2560,66,2
4767,7,4
3824,62,6
2630,57,7
2210,71,6
17,29,2
341,31,7
2381,22,5
962,79,2
3541,22,9
3455,16,6
493,18,4
3150,69,4
1999,41,6
1391,82,8
3166,93,6
4618,100,5
4964,78,2
3310,29,2
4291,14,2
4730,67,8
3007,4,3
843,94,2
693,58,9
4784,49,1
3429,60,7
4647,80,5
3969,67,7
3109,12,8
2721,89,4
1845,38,5
4147,94,5
3466,100,8
1294,38,6
869,97,5
4533,21,6
654,47,1
2313,79,9
1482,10,4
2628,2,1
1261,9,3
2528,55,7
4607,40,6
4683,80,6
3337,36,9
1225,90,2
3470,88,3
3844,2,10
2463,86,4
2100,83,3
2009,22,2
2485,82,4
1091,14,5
3865,34,5
785,9,7
3686,60,8
2951,18,10
668,25,8
949,11,8
4579,12,10
1096,65,10
681,26,3
1299,28,10
2850,6,5
4224,100,1
4770,20,2
2648,69,5
1828,85,2
2431,64,9
351,93,5
4581,27,7
967,39,5
4344,93,5
744,51,9
1590,95,9
618,51,10
4545,5,8
3379,57,7
3137,99,6
2122,23,1
621,34,3
3629,34,8
2920,49,6
21,33,8
3764,53,9
3419,89,10
393,86,6
281,93,7
3733,67,2
3219,6,7
178,20,3
1951,24,9
2724,65,3
4354,25,3
67,62,4
1432,88,4
805,6,5
4047,31,10
178,2,8
1448,41,2
3022,3,8
385,18,1
4686,31,4
1579,35,9
4095,16,6
813,72,4
4476,64,10
2929,79,1
3261,54,3
625,46,6
2073,78,8
4667,7,2
3553,18,7
851,97,7
2977,98,7
4992,39,2
2699,96,8
1470,19,5
1037,18,5
71,35,6
3650,71,1
3467,81,3
4049,39,1
1012,40,1
2979,38,8
3792,5,9
3473,13,2
3361,92,8
770,74,8
4685,3,5
3669,95,3
1870,67,1
4705,9,5
770,100,1
3260,14,7
2871,70,4
4595,53,2
897,21,7
1493,23,2
572,1,5
3866,77,2
4119,68,3
404,87,8
3437,89,6
2049,19,3
3255,85,5
4507,85,10
878,9,7
1648,66,6
3811,23,9
3142,7,8
647,10,8
2174,62,5
4023,43,5
294,34,4
4524,59,5
164,43,5
3793,21,6
4305,42,7
4871,74,4
3950,39,8
4004,42,6
4189,25,2
806,83,1
4981,36,8
3750,73,6
1084,16,4
3712,47,9
310,14,3
4230,91,9
1684,87,3
4683,51,7
910,24,2
4467,3,1
4043,23,3
4283,9,2
4289,71,9
1211,9,7
2067,29,8
2856,42,9
4504,36,5
2756,34,6
1870,81,4
1408,44,8
2113,16,1
28,61,4
2283,7,9
3001,66,6
20,34,7
3326,88,10
4794,85,6
4487,28,4
2704,91,9
407,33,3
3138,3,6
1238,76,1
4487,18,8
972,6,6
324,1,4
4077,2,5
84,96,4
637,79,7
2010,95,7
1674,52,8
3065,39,3
3227,51,4
2597,18,5
4589,71,8
3409,31,4
2110,48,4
1834,30,2
4402,66,1
4536,78,3
2971,61,9
772,51,3
1648,77,8
3437,65,2
3375,56,7
612,86,7
3323,38,1
1933,3,9
2011,35,10
4605,57,2
2776,73,8
4100,46,4
4205,15,10
2697,49,3
1892,46,10
2696,97,1
141,73,3
4992,28,4
3946,11,8
4669,50,10
1497,25,3
646,74,3
2717,92,3
380,54,6
1024,14,8
1952,45,10
2272,42,5
4199,19,4
739,49,4
98,52,6
4449,83,2
2313,75,4
1814,98,1
4664,15,7
245,13,9
3194,1,1
2994,79,2
4031,26,5
3976,39,5
584,60,2
1221,22,10
4154,97,9
475,16,2
2596,97,2
1661,79,3
1628,58,8
2972,78,7
1844,82,1
3761,89,1
2906,30,7
3431,16,4
3252,96,6
3721,60,10
255,72,7
4542,5,7
2629,89,5
2713,29,4
1754,62,6
1449,83,1
2225,94,2
690,52,2
1992,67,8
3401,76,4
1610,63,3
2261,29,4
4096,59,1
947,66,9
1983,15,8
3581,43,10
3709,61,6
1835,99,6
4388,86,7
4043,7,4
3711,85,7
228,95,5
1826,52,5
3870,41,1
3936,16,3
1930,71,1
2750,97,3
3201,14,9
3298,82,8
2730,37,7
1566,29,7
2332,18,10
3754,44,10
2525,56,2
4043,30,5
3768,19,10
223,89,8
3589,76,9
1737,14,3
19,16,1
80,100,1
3175,50,2
4897,44,8
4961,9,8
33,68,10
292,48,6
4113,34,2
486,22,5
4288,36,9
2477,88,10
223,73,9
3003,80,6
1324,36,5
3746,65,4
2637,52,3
2675,66,5
2649,78,6
1746,61,9
3964,91,6
4396,52,4
3695,44,1
3883,34,3
2853,55,9
1114,85,4
754,40,10
4216,33,1
822,40,6
4856,8,3
1825,39,6
274,2,7
1055,24,1
464,6,3
3561,85,10
3116,69,8
4472,56,5
1628,11,3
1285,52,10
3042,32,6
1047,13,10
4861,76,3
3380,33,2
4210,46,1
1535,91,1
4547,58,7
3644,30,9
3353,19,4
2235,76,1
1345,62,6
2485,98,6
4644,78,5
1842,52,3
3362,75,8
3675,100,10
2945,94,2
1112,42,4
1100,65,10
535,37,4
1811,49,1
2949,61,6
2649,88,9
4052,96,4
2866,96,4
814,65,8
843,91,10
3281,87,2
1801,41,9
647,35,5
2505,3,1
560,43,1
1533,71,6
879,10,9
3134,19,4
4656,52,5
1969,6,10
3729,34,1
2143,84,6
4976,22,10
3097,45,7
2650,2,4
2516,19,4
4578,94,10
1937,37,8
822,97,1
1579,20,4
7,10,8
1078,31,10
4496,43,10
4689,53,9
2374,22,5
3377,5,4
2314,2,7
2129,15,4
3399,34,9
3480,71,1
975,11,7
986,50,4
2746,77,2
1214,12,5
2374,39,7
4662,4,5
2176,70,5
3858,53,4
1047,71,2
4116,20,7
3071,53,4
681,84,10
4656,38,7
2255,88,4
1923,96,2
2281,92,4
3298,12,9
380,87,7
4097,20,10
3802,52,3
2710,13,9
656,51,3
1013,78,9
795,24,9
719,67,8
4418,57,9
1875,62,9
1993,94,6
2959,61,8
4824,92,5
1195,100,8
1895,57,7
3576,32,2
4226,61,8
570,40,7
3982,11,10
1918,6,1
4731,77,9
3272,6,3
2107,60,4
1211,43,2
348,20,7
4538,51,1
48,54,10
4937,92,9
3587,29,8
4690,84,6
2090,45,10
3363,5,1
942,2,2
4894,62,8
860,63,10
3533,54,6
4355,30,9
3924,94,8
4167,31,6
83,60,1
4747,11,4
619,58,1
1394,6,7
2260,27,6
3579,76,10
1681,86,5
2035,94,1
2938,11,5
881,17,5
43,20,10
2905,45,1
4677,99,9
3294,77,6
3235,99,10
4878,17,10
2381,68,6
636,52,7
3107,96,10
4481,25,1
1819,26,4
4110,53,6
428,63,7
4578,14,8
4339,3,8
2135,83,10
4380,66,2
1819,50,7
1803,64,10
4928,54,4
1582,86,6
2149,6,9
2368,61,8
3433,29,9
2220,97,1
1391,56,3
113,91,3
4639,58,8
4647,42,8
705,8,2
2140,30,7
3380,45,4
1195,24,2
3438,16,5
2594,95,8
3603,9,9
3059,81,6
848,99,5
3141,36,10
1659,2,1
3030,75,9
3438,6,1
4616,80,3
3018,48,8
4551,42,10
3306,25,6
1792,69,8
3079,43,1
2580,39,8
1589,48,4
1465,33,3
1645,96,7
4790,68,2
172,90,9
3186,38,4
2247,95,8
4747,62,10
2724,50,7
1528,84,7
3576,10,2
3510,23,2
562,30,3
1471,27,1
4175,66,10
2813,88,3
3782,16,6
671,27,8
2555,97,5
176,67,5
3623,6,8
3096,72,10
3605,73,2
4208,97,4
1403,29,6
1669,21,2
3720,4,1
416,55,10
1324,47,8
2098,47,10
4469,27,9
4303,21,10
2900,22,4
3952,71,6
4002,64,4
3906,13,4
1901,37,6
3006,58,9
3231,66,1
519,8,7
2929,77,3
1815,64,2
4916,37,1
1831,98,6
3159,72,4
3728,35,1
1884,37,3
4612,94,6
2902,75,2
4021,92,5
4458,2,5
2745,46,4
812,1,6
889,48,10
2551,91,6
148,13,10
2737,29,8
3065,5,2
188,51,3
2717,52,8
3539,20,7
1734,8,8
845,27,5
4019,48,7
1247,9,5
4782,12,3
4159,96,4
4541,36,3
661,19,4
4360,10,1
4782,2,6
1359,8,2
3145,39,10
2829,51,3
1978,20,6
1705,48,7
1047,45,10
485,65,8
1135,75,1
3739,83,4
879,68,3
2111,92,7
4693,42,5
4299,32,3
904,82,4
929,89,6
1417,20,5
1791,10,9
2331,37,6
2569,73,9
1678,32,3
236,90,5
376,17,4
1637,34,4
1970,53,4
2133,60,7
4866,50,8
4386,34,2
624,4,3
3218,21,9
1658,89,8
1357,88,4
1821,95,7
690,80,8
1080,9,4
755,42,5
3418,90,7
4484,64,2
911,53,10
997,72,3
4453,100,2
2876,32,8
928,78,10
3766,58,2
1324,63,1
1918,42,4
1056,45,5
1523,98,7
2395,16,1
1332,97,2
4177,100,5
2845,74,8
3141,94,4
4165,60,4
2963,76,4
1105,6,7
2189,100,5
3994,45,1
2676,13,2
1908,89,10
3120,92,3
863,66,10
1799,30,2
3128,98,6
322,87,3
3539,34,10
937,6,8
1382,13,2
881,80,2
1920,63,9
1636,37,2
3214,2,5
4891,49,9
2029,71,2
2073,30,1
2685,25,5
3810,51,5
62,16,10
3278,1,6
3482,61,8
58,38,3
2625,6,5
4702,71,2
4877,88,9
2687,80,3
4323,20,10
2754,1,8
1464,8,1
4947,67,5
2167,56,9
4751,65,7
492,73,4
3344,97,4
104,67,1
856,8,9
452,19,5
4840,28,6
932,95,2
966,47,4
231,56,4
123,88,5
832,35,10
723,91,4
369,80,9
2306,47,7
4266,83,2
381,93,2
4174,62,7
4205,96,4
3492,2,8
3081,61,10
476,76,9
4543,87,5
1941,70,8
4201,2,8
3002,8,10
4511,63,5
4594,11,1
4683,18,7
4019,41,6
4825,53,5
2146,87,10
2175,82,7
2663,12,6
3776,48,1
3347,37,1
1567,87,3
2468,26,10
756,24,3
349,59,4
3368,51,6
492,54,1
3601,78,8
2201,21,1
3043,21,4
742,58,8
2145,84,10
2477,62,8
326,32,5
345,41,10
841,87,8
3004,26,10
3867,23,5
2393,10,3
3870,74,9
532,22,1
2999,13,6
3271,12,7
27,55,10
2159,26,1
1811,11,2
1170,81,9
2587,65,4
4500,19,5
2341,10,6
1262,66,10
71,22,10
2797,16,5
826,12,2
289,23,7
4289,34,6
1585,73,1
4962,74,3
2909,14,3
606,30,3
3052,37,2
4726,84,1
4621,40,10
2983,43,7
2780,68,9
1054,14,9
803,64,10
2945,64,8
3334,16,3
776,69,5
1999,29,6
1739,10,3
4330,81,5
2331,79,3
2457,69,2
468,40,7
3883,88,9
3975,54,8
3003,31,9
1282,3,7
322,34,8
3596,65,1
3804,24,2
1403,96,9
764,84,3
1998,24,5
4565,97,6
1459,55,8
2673,56,4
3637,83,2
1159,35,8
4409,4,10
3692,72,9
3750,13,9
1377,82,8
2698,8,1
2475,90,6
675,95,1
43,63,8
1766,2,7
3679,80,2
580,90,10
548,40,10
2232,4,1
2386,82,5
3233,81,7
1442,76,2
567,24,10
4897,7,7
1629,83,8
2097,6,4
1991,64,9
2073,34,7
3957,23,2
1161,97,6
4173,67,8
2761,98,5
4164,85,5
4372,8,2
2036,50,6
4948,51,8
2232,13,1
2233,84,1
3609,88,4
814,40,5
3815,33,5
3241,100,8
1105,24,8
1285,52,4
2462,83,9
2325,8,10
2711,82,8
2220,54,9
2590,67,6
1502,1,10
1581,27,5
2725,3,3
4474,97,3
3320,41,3
284,37,9
4456,37,3
1130,18,2
4629,90,5
1014,46,6
1336,30,2
279,63,2
1339,25,1
3287,48,3
3214,51,3
488,71,9
1090,97,5
2074,67,9
1151,61,1
2399,76,2
2157,95,2
2178,30,4
3466,47,10
1581,55,6
4866,48,4
170,85,6
2016,17,2
39,44,8
1020,72,7
1558,36,6
3290,24,6
4908,82,7
3403,40,2
2469,6,9
3187,62,10
818,4,9
4989,18,8
538,66,1
2365,48,8
365,66,3
2952,96,9
997,10,5
2479,61,7
28,96,8
2792,82,4
1851,45,7
4264,9,10
1503,90,7
4683,71,3
674,23,10
4490,48,8
1999,84,8
4240,22,3
510,91,4
1997,69,1
4136,4,9
4192,90,10
211,55,5
2360,71,10
4837,43,9
3031,48,3
4710,14,9
3204,30,9
4031,64,6
3911,68,3
3538,90,3
4879,30,1
4431,80,10
4730,61,5
2418,2,7
2973,58,6
4094,27,4
2045,49,7
708,60,6
1307,87,2
1256,25,2
3476,60,4
1940,44,1
444,83,4
1908,23,6
2113,37,2
2905,22,5
3121,77,3
4721,19,5
285,21,6
4939,57,1
4226,82,9
3095,35,5
449,54,7
3911,45,4
1855,13,5
3754,10,3
3275,18,5
3537,72,1
1982,21,3
1014,4,7
207,80,2
2164,100,3
2387,64,7
2340,75,9
670,60,10
2714,75,3
30,72,7
1559,23,2
2306,9,4
4842,30,8
4500,40,7
4486,62,5
4479,6,9
2128,96,3
1923,77,7
1113,66,6
2126,61,10
4873,28,4
4206,52,3
2620,73,6
819,86,6
3824,86,2
3662,63,7
2214,64,2
4275,37,2
809,68,9
3239,95,1
3417,3,8
518,64,7
1759,29,6
4880,57,2
3888,71,5
1281,57,7
3449,25,3
4183,31,10
1374,1,9
1249,8,10
333,36,9
4491,55,1
1595,9,3
59,85,10
120,67,8
1601,32,2
1405,5,1
3761,85,5
458,54,10
3310,42,6
2048,6,2
3648,28,9
3794,38,2
1857,41,9
4087,64,8
1074,67,6
4409,14,10
2967,18,5
2062,91,8
4594,18,5
2934,6,9
1257,68,2
4710,69,10
523,37,2
667,75,2
3110,25,5
3894,53,4
4708,7,6
3878,30,1
2859,2,7
184,44,7
3668,57,4
2168,90,5
3740,32,5
1125,6,1
1772,92,1
2052,44,9
1307,29,2
1090,8,3
2769,9,2
660,27,6
3153,87,4
4756,65,3
3362,74,5
1116,77,5
4750,68,2
4767,3,9
3633,40,5
4277,67,9
4917,90,10
1756,19,3
2972,23,3
4537,40,5
4569,20,8
93,51,9
2534,33,1
2300,99,7
4232,34,1
750,3,1
2242,93,6
1105,54,1
336,23,2
1701,5,7
3231,91,4
2617,39,8
1692,93,2
3083,50,4
3481,21,4
2139,91,2
1341,44,7
4490,27,3
4963,68,1
2162,10,4
4989,5,7
3104,71,6
3741,81,10
1152,53,3
2645,29,4
609,57,8
1938,11,10
4490,36,2
2249,53,9
4442,59,2
4954,48,6
2925,89,10
4691,83,8
4321,24,6
1080,36,10
1669,56,6
1895,81,8
4332,58,8
794,37,10
3296,12,10
3943,14,8
2629,49,1
1833,34,8
4177,28,8
4367,27,3
1203,39,10
168,84,5
3436,36,2
3378,71,6
3407,55,9
1681,93,4
3865,89,7
3677,33,8
3662,44,4
1086,90,2
2851,31,8
3762,8,4
1564,54,9
3331,50,1
3484,32,9
1447,85,3
1734,42,2
519,48,6
4988,62,6
1296,51,9
742,28,8
340,20,9
2309,75,7
1609,88,8
1634,1,4
2092,58,9
4014,1,3
3248,87,2
4307,62,6
1623,68,9
223,63,3
2892,13,6
4200,8,8
1257,27,7
2723,81,5
2992,79,2
832,4,2
4875,63,5
2991,86,2
2424,66,5
970,61,1
2800,28,1
3845,56,3
492,42,2
4838,15,5
2622,2,2
1322,24,10
1312,89,5
1198,72,9
4880,5,6
4501,100,10
4283,97,1
1794,7,7
2430,62,10
1702,20,9
4137,1,2
162,5,5
539,26,8
2244,75,1
2501,62,4
2954,91,4
4293,4,1
1043,29,2
2194,40,8
1131,82,6
4312,53,10
3932,73,9
4079,2,4
3552,67,4
2322,45,1
2440,84,6
1601,51,8
3399,48,1
4137,69,5
3168,31,1
646,16,9
2732,27,6
1431,45,1
4808,10,4
4929,6,4
3226,92,2
4735,26,8
1214,46,4
4229,57,6
39,89,1
2209,9,1
2288,5,6
2624,78,7
965,6,9
4612,28,10
1971,18,10
84,95,6
4596,72,7
449,53,9
1136,73,7
827,16,8
3614,78,5
1629,98,3
2684,24,4
3294,23,1
3131,70,4
2064,49,6
917,66,2
3181,6,10
4096,21,6
1445,82,1
2259,26,2
4781,83,4
1039,26,10
86,32,9
4970,19,1
4858,28,9
581,17,2
1811,48,3
221,88,8
4626,69,7
4803,61,8
3083,47,10
3225,45,9
3099,79,9
4419,79,10
4865,77,6
806,22,6
2712,17,8
326,82,9
2039,29,3
3508,9,10
1281,46,6
4221,69,2
311,61,4
66,72,1
301,3,3
2132,2,7
3363,23,9
4219,77,8
3383,16,6
659,84,7
3770,61,4
1500,100,8
4370,63,1
1997,75,1
4849,68,3
3503,54,8
60,35,3
921,25,8
27,48,6
3822,47,5
3594,6,9
1764,93,5
4413,73,6
1073,43,9
486,83,8
1749,48,1
1275,39,2
1677,51,4
962,93,2
1970,17,6
3105,2,7
1846,25,5
3858,56,5
2301,26,5
3325,64,7
3909,23,5
4733,88,7
2526,8,9
1384,86,10
1676,39,8
4339,5,3
3049,86,1
978,21,9
708,14,2
1685,24,4
2114,53,1
845,83,2
2316,99,10
1669,27,4
22,52,10
2360,36,1
2555,20,3
4679,89,3
4017,12,4
3076,54,10
804,4,10
2103,30,4
941,83,2
139,27,4
4546,36,9
754,69,6
4061,81,3
3476,66,8
4028,65,2
3953,44,7
2908,26,1
1761,36,8
2804,46,6
4672,18,3
3449,42,9
3951,31,9
4005,57,1
145,5,2
4527,49,4
143,91,8
9,24,10
2020,66,1
2298,68,8
879,4,3
3997,60,3
2099,40,8
3760,93,1
1121,97,10
2703,96,8
1931,65,3
88,83,10
1133,79,6
2743,83,10
4413,96,7
3120,50,2
2738,24,9
4123,40,5
3243,93,10
1139,38,9
3359,23,10
3616,8,7
2372,87,7
4474,98,4
241,48,10
124,81,1
1142,51,10
4440,18,4
1170,56,2
2647,92,1
2860,60,5
877,98,8
977,40,6
2166,77,8
4821,81,3
3465,49,9
2320,29,4
3784,47,7
1821,6,4
1395,76,7
3550,86,3
4600,39,7
2291,81,3
4022,66,4
912,2,10
475,58,1
3833,82,9
2990,25,10
4358,17,7
741,32,1
3958,25,7
1796,63,8
3952,75,5
4754,94,10
3751,5,7
4762,17,10
247,94,4
4659,43,4
160,68,6
344,75,6
4902,17,3
1362,17,2
4486,76,1
3865,69,10
4034,72,5
3646,59,3
1703,80,9
4163,35,4
178,16,4
3217,45,8
4665,32,2
4268,37,4
807,89,8
1884,53,8
4343,88,7
1572,79,3
3615,80,2
3406,14,4
2017,29,1
1289,74,10
712,27,9
226,36,4
2475,100,3
3296,81,10
3600,39,2
4011,10,8
3178,80,1
1238,78,10
4318,10,4
2369,35,3
1261,80,4
2821,74,3
1530,70,2
4875,53,3
3986,40,10
4279,90,6
3007,34,1
824,41,3
711,53,2
1985,69,3
3099,26,1
1667,58,6
4720,99,2
1520,56,2
3606,73,7
4947,47,2
3270,81,3
4626,31,9
1626,90,2
2026,26,1
4670,71,9
3195,19,5
1681,93,10
606,28,2
2023,58,5
1396,74,2
3458,56,3
4235,35,10
2512,62,4
2371,17,2
3802,94,1
2322,68,10
2790,75,8
4897,15,9
1368,15,7
2469,58,4
3851,40,8
298,2,2
4340,35,5
4370,66,8
4721,7,4
2749,88,4
2207,92,4
1995,67,5
2377,22,4
453,70,2
1102,85,8
2910,88,5
1580,54,2
2373,89,3
2882,67,1
684,24,8
4935,95,4
1310,64,10
2973,60,3
4177,49,5
3127,35,8
4994,90,10
1752,12,2
1748,77,4
3075,60,7
1039,88,8
4892,5,8
2581,23,5
3489,35,10
2187,26,9
949,100,6
3536,77,10
760,26,5
4898,92,8
4234,37,4
4868,59,8
4111,12,7
3308,59,6
641,40,4
3579,46,8
1814,56,8
3256,33,8
1907,100,1
1838,52,8
1108,2,3
4031,47,5
1571,13,8
3103,19,9
2404,16,9
613,51,5
691,4,10
1546,99,5
2681,90,1
2499,7,4
3656,97,6
4428,41,9
4927,56,8
2964,65,3
4540,55,8
2133,56,6
4242,30,6
2836,39,1
212,75,10
3324,51,10
4831,63,6
3903,36,7
655,91,6
1247,91,1
1169,72,9
4415,72,9
1822,10,5
3103,77,4
3062,10,1
865,40,7
582,62,8
4347,74,5
889,4,3
4217,66,8
4186,64,3
3684,21,10
1828,86,4
1850,1,1
4313,39,2
3616,61,10
3304,12,9
1174,79,3
3628,29,5
2994,27,6
3757,42,8
3313,36,2
4186,83,5
1016,60,2
2202,11,7
1470,37,7
4267,3,6
3978,24,10
858,94,6
3605,35,1
3488,38,6
254,18,7
3517,71,4
1086,51,9
4686,66,9
2269,91,8
2790,69,4
3269,35,9
3463,17,8
209,29,7
3366,16,6
225,60,2
697,53,10
454,77,9
3144,66,7
4207,87,8
2521,3,9
2001,16,2
2995,46,6
1902,55,1
4574,2,9
1670,63,1
3101,97,2
2830,93,9
1568,21,5
4215,88,4
1350,19,10
3579,89,4
1867,57,8
1565,77,8
1496,3,10
2569,48,2
3201,58,1
1262,87,8
3719,73,3
1017,68,2
3801,88,3
4765,61,8
1190,84,1
4852,55,10
2267,62,1
1577,70,8
4526,11,2
2729,22,1
38,96,9
1077,26,9
3826,50,9
626,39,10
1413,54,1
1464,100,6
584,4,6
3128,10,2
4629,35,8
3846,99,4
4485,14,8
4726,63,4
4869,35,10
3823,43,1
968,78,2
2666,99,8
909,28,9
4620,40,8
1470,22,10
4850,61,8
1240,95,8
4169,75,7
1083,50,2
3485,49,8
2361,56,3
4521,69,2
1263,3,3
1398,54,10
624,86,9
212,58,9
783,11,8
1608,44,10
3074,92,7
2985,47,9
4633,48,6
1222,57,6
2057,84,10
1186,64,4
3076,33,10
4772,51,6
442,90,6
576,55,6
3126,49,2
4063,44,10
1509,39,4
1356,39,3
3174,91,5
1399,76,8
4959,71,2
3079,25,10
3284,27,4
1991,98,9
2434,5,9
1117,4,8
3323,12,6
234,64,1
2676,20,9
2446,69,7
3063,30,10
1906,88,1
3926,83,1
996,92,10
1926,97,7
1294,92,8
3148,69,4
606,92,8
2944,80,6
2133,95,10
1563,48,1
2468,39,1
4242,17,8
3030,23,9
3043,37,7
520,29,1
2254,1,9
2292,77,3
996,34,2
4398,69,1
1781,57,6
3483,29,1
213,20,9
1124,28,2
567,62,3
1906,37,5
1662,57,10
1938,2,9
54,54,9
1384,38,10
4943,2,6
4394,43,4
4024,63,8
124,38,5
2736,67,5
1766,39,9
4231,66,2
3461,82,4
3113,70,1
4132,82,5
2919,90,7
1043,41,6
1034,40,10
3332,35,1
4992,83,7
647,65,1
2940,32,8
491,41,7
3843,39,7
1677,27,7
1395,100,7
4004,4,5
2041,76,10
291,85,4
1968,7,2
4185,82,1
923,32,8
3321,39,9
550,2,7
268,84,8
46,48,9
3463,48,3
1977,12,5
1564,87,1
3806,90,8
942,7,4
2518,19,2
2439,9,9
2573,7,6
4624,93,6
1083,50,6
1608,36,10
3709,41,3
3777,16,4
3284,75,2
266,19,8
1057,45,6
3851,63,9
1641,62,5
1208,52,2
33,8,7
3035,85,5
539,80,1
1536,89,9
529,51,7
3784,22,1
2031,73,9
4800,54,6
1298,81,6
2958,6,7
3221,58,3
187,6,2
2762,58,6
744,77,3
440,27,5
3012,13,3
3449,48,3
2520,72,3
1438,2,4
3650,68,9
4851,14,6
4622,71,2
2882,18,8
452,35,8
548,67,4
1789,23,8
1587,64,3
1486,18,4
1921,94,4
1914,41,6
3938,100,7
4868,61,4
417,18,3
3409,42,1
2525,76,5
1291,17,8
1644,14,4
3770,50,9
721,94,2
2117,35,7
2599,61,2
4300,53,3
4552,66,3
4434,20,7
81,92,2
4185,87,2
3557,41,9
1811,27,6
996,81,10
2983,9,2
520,34,3
2994,46,10
3243,83,2
3768,25,9
2083,73,4
1879,68,7
4697,79,6
452,14,4
2400,95,3
4382,24,8
1835,86,2
3035,24,10
835,23,10
152,34,7
1250,76,7
3418,72,2
3637,94,9
4784,2,7
2914,36,6
1050,12,1
3195,38,3
4411,26,1
1764,57,2
1856,3,3
2044,49,3
3483,8,4
4683,97,7
2779,90,8
1137,45,9
3949,87,7
1330,89,4
825,53,8
1787,77,5
1657,33,5
2517,61,8
1417,6,7
1651,60,6
3887,13,8
1911,37,10
1005,33,10
4237,54,4
2905,61,6
2185,79,8
1072,62,4
1270,25,4
4419,100,8
2780,67,5
956,34,8
1529,96,9
3475,11,10
384,71,4
1673,74,2
4985,95,9
4613,96,2
3668,81,10
369,93,6
792,39,1
4273,43,2
4791,41,5
2267,91,8
4786,31,5
3060,82,1
4877,21,10
478,81,1
2969,44,1
2058,77,9
929,34,8
3143,34,10
2176,57,3
2625,79,10
2373,69,4
4309,2,5
1114,63,7
4936,64,8
2228,39,7
2787,61,10
2470,53,4
4281,30,1
3493,62,8
653,49,1
3394,70,1
2249,53,1
2164,79,2
3960,31,6
1667,27,7
1107,8,10
3887,78,8
4644,29,4
1069,89,2
2529,88,2
2633,62,6
1219,56,6
250,62,7
2170,73,10
2734,33,1
3325,99,7
4477,43,2
3426,82,2
3408,75,7
2174,41,6
3986,44,7
2382,59,7
4494,83,6
1752,18,5
3178,26,1
2300,46,10
4017,50,9
1273,53,6
65,3,8
1476,25,7
926,87,7
3723,24,3
1374,85,3
1076,27,1
2488,11,7
1503,30,7
4781,26,7
4305,76,9
4929,48,3
1835,45,6
1423,85,1
26,22,2
2366,22,7
4878,52,4
173,61,1
621,47,7
2592,84,10
4491,92,5
636,69,1
2727,59,9
3962,45,5
3543,91,4
3423,30,3
1982,62,8
1270,34,8
4318,69,4
2375,7,8
3856,49,9
4645,20,5
2606,31,8
4235,61,7
1130,90,8
1073,71,6
3203,73,6
1812,75,2
705,65,10
2124,22,1
2563,49,10
3323,14,4
369,47,9
1203,6,9
1176,68,8
1470,2,9
4861,89,3
3672,55,6
1647,5,5
2195,97,10
4974,96,10
1930,65,3
2285,60,10
4103,39,8
2187,45,9
1626,19,4
3735,53,8
80,27,1
725,93,6
4588,64,10
893,44,8
4447,76,5
1696,95,5
3994,45,4
3195,51,5
540,99,9
3022,15,10
1546,84,1
297,1,7
2496,93,7
554,29,1
599,43,4
4659,42,3
2270,75,1
3529,51,9
3344,25,8
3110,50,2
2499,60,6
2076,51,3
3329,78,3
1452,29,3
4955,90,7
3846,100,2
2516,72,1
2248,40,7
2148,90,6
3688,23,8
3550,10,5
2887,79,8
2653,54,7
2103,46,2
4252,36,1
1239,8,4
686,24,8
4167,24,5
4435,90,2
1333,84,3
167,10,8
3204,96,5
597,11,10
3530,29,7
4288,13,7
4800,29,7
4810,74,5
2191,27,4
329,68,9
4639,5,5
4805,42,6
1969,84,2
671,6,6
1631,43,4
2901,55,1
3043,37,6
549,23,7
1228,27,4
3484,20,2
3635,66,10
2416,25,10
2053,83,7
288,7,9
2307,41,1
2109,66,1
2994,75,9
1503,67,2
3787,3,2
2861,45,10
157,51,6
3368,20,5
3477,71,5
4550,64,7
4327,62,8
429,72,1
1664,87,2
2205,77,7
2661,54,3
3519,12,7
2659,49,4
1608,8,1
453,30,7
1795,98,4
3862,47,2
2629,60,4
470,51,3
2011,83,8
2588,3,2
927,63,4
118,57,10
2814,42,1
2057,93,8
1062,15,4
2921,70,2
4767,4,6
2055,49,9
125,9,5
3945,91,3
989,70,1
1733,98,9
2943,57,1
4751,13,2
1605,46,9
422,93,7
154,49,5
2047,69,4
2711,65,6
1627,65,8
643,26,4
4725,70,6
2801,94,9
4229,31,4
2882,90,9
3512,5,2
2808,59,4
1832,15,4
4713,17,2
4596,67,9
4031,5,7
3549,66,2
605,66,4
3288,35,2
3526,8,1
3165,44,9
1698,64,4
1274,78,1
4075,27,3
934,51,6
2836,22,1
3832,27,3
174,14,1
255,15,9
1608,36,10
4265,49,9
2533,22,9
3222,4,3
516,96,6
3262,21,10
3193,100,8
4546,37,2
497,99,4
3599,79,10
3515,90,4
2551,77,8
4072,21,8
1473,47,4
4571,66,3
3058,15,2
2065,68,5
1338,58,2
2766,41,4
4783,26,5
2632,98,1
4166,88,8
1247,2,3
4513,59,10
3932,40,8
889,45,5
3454,75,3
4727,28,7
167,23,1
1603,19,2
4375,63,6
3667,63,10
4727,4,6
4354,94,2
4945,64,5
282,52,2
352,28,2
2275,41,7
953,97,1
2028,3,6
287,59,4
4537,25,8
274,86,2
1471,90,2
3012,94,4
968,81,9
2001,87,3
448,85,1
2661,58,3
363,21,4
789,63,4
3164,61,10
3578,27,2
4724,17,10
4336,5,7
886,6,8
3448,62,2
4960,31,5
3438,6,5
719,19,7
643,68,1
2192,58,6
3270,75,8
1983,97,4
1607,40,10
3331,61,1
2230,24,2
4267,59,9
4933,37,3
607,42,10
1882,93,2
2460,61,8
4812,9,8
2393,58,6
472,6,9
572,97,9
2916,67,1
1819,13,10
1422,56,7
2580,21,5
30,100,9
2406,85,2
2206,5,3
2792,92,3
532,83,9
957,63,2
3058,3,2
4702,20,1
2218,77,9
2087,69,8
1807,65,2
4869,69,9
1108,62,4
3560,3,5
1971,98,2
615,91,9
3224,54,3
3467,63,8
4958,44,3
3770,87,1
2296,31,6
4094,20,2
2032,4,1
1828,84,5
3219,50,10
4897,23,3
3648,36,1
3094,27,1
387,58,6
411,42,7
4876,9,5
3460,88,9
4202,4,8
917,17,7
3835,1,2
2804,69,8
4410,69,7
4713,51,4
461,29,6
1028,33,1
4775,11,6
2174,54,5
3730,57,9
3160,72,1
3797,41,6
4995,42,10
2327,40,9
4192,18,7
168,14,9
3172,44,1
2116,9,7
951,11,9
2588,35,3
2712,6,4
2246,29,6
2343,19,10
4873,90,1
3731,99,3
2913,98,10
2573,33,1
1385,12,7
2690,99,3
595,87,2
3500,13,4
258,71,2
4825,57,2
4430,67,7
1488,29,2
3808,40,1
1891,2,1
1082,59,7
2338,30,2
204,18,7
616,74,8
3497,40,8
470,39,4
3063,92,2
779,26,9
2853,52,4
1974,39,8
1700,23,3
1364,98,4
4941,17,7
434,56,3
2775,23,9
578,48,4
3169,62,1
2925,23,10
4987,86,4
684,15,1
652,4,1
4789,73,3
4437,87,4
4525,47,2
172,82,1
2087,37,5
3585,4,10
3820,51,9
3511,60,8
1274,25,4
3658,5,6
1243,66,3
408,83,9
4493,8,1
2741,45,9
4138,4,9
1295,50,2
2800,93,10
3757,32,2
558,74,4
3920,36,3
519,56,2
523,46,7
342,28,5
4868,70,6
3522,45,7
3646,69,8
2213,52,5
586,100,10
89,48,6
1802,95,6
3090,72,1
2814,48,4
4659,10,9
3810,15,5
12,56,6
2883,78,2
913,51,10
2133,16,2
1433,56,4
3755,57,6
1289,35,1
4810,22,9
336,10,7
4855,91,9
1561,95,5
4048,15,5
3358,34,4
2082,48,7
2960,57,2
1004,72,9
4721,97,3
2082,29,5
490,23,1
4989,58,5
2298,2,10
191,82,8
708,48,10
4037,83,5
1891,65,9
412,28,4
2675,89,5
2389,83,6
2564,76,7
1872,82,10
3767,3,8
1576,70,10
631,12,7
1956,10,9
2869,92,1
3608,44,5
3056,44,9
19,78,10
4753,81,10
2206,13,10
227,7,3
3154,57,3
1884,77,4
3414,58,8
3975,67,4
716,70,9
1507,27,1
4430,66,5
2342,16,9
1365,94,6
2674,98,1
3433,93,7
351,77,5
1779,70,1
3301,33,4
653,40,9
2670,4,4
4556,67,6
4424,37,6
2266,96,1
2967,21,2
4326,16,4
1466,25,5
4343,73,10
2183,43,9
1872,73,9
1823,17,4
4183,28,1
602,13,10
3695,78,4
4491,4,4
2567,42,3
3482,41,3
4422,88,5
4477,82,8
3137,36,9
1744,82,7
4967,63,9
229,10,8
1963,90,9
2259,90,2
3426,60,3
1422,42,3
602,69,4
1067,72,6
2119,23,9
1980,78,4
4794,1,10
2868,14,8
3944,67,1
1143,86,1
1605,62,9
882,91,4
4835,31,6
1756,83,1
3831,10,6
1682,7,2
4590,65,7
3682,27,3
4969,39,9
4812,41,7
4153,20,1
1032,67,5
28,82,7
2044,7,5
388,4,6
2078,75,2
1389,73,2
1813,70,6
1265,11,3
48,75,9
2147,34,2
2258,47,9
820,72,2
2446,78,8
2424,68,5
4369,19,2
2905,20,2
2773,27,5
2457,64,6
1464,79,9
3150,3,10
3986,59,9
1462,67,4
236,36,7
4748,92,10
51,78,4
3860,1,9
3088,23,7
4136,61,5
3430,9,2
2318,62,3
1270,59,5
1208,74,7
2649,71,9
1264,77,3
986,49,9
1210,86,3
1843,10,9
755,53,9
4950,39,8
3701,36,7
4492,39,2
2538,18,2
695,89,7
3461,54,1
3893,45,1
861,7,9
4574,25,8
3863,96,6
3525,6,3
323,87,1
3840,25,8
513,2,2
4123,3,4
2593,35,3
3412,62,3
790,29,2
3478,59,8
3973,68,9
877,2,2
4938,26,10
2319,24,10
463,14,4
1080,65,4
2169,94,1
1789,12,1
2221,37,3
727,6,6
3764,63,6
3720,68,3
636,76,6
681,52,3
4460,16,5
3122,70,1
615,63,3
4822,62,7
4367,3,10
4091,63,1
179,21,8
2643,97,3
1877,51,9
662,81,6
4737,47,4
1854,41,8
1116,4,8
383,39,9
1136,16,5
4633,77,1
3625,23,5
4066,77,7
3811,4,4
3934,77,10
3473,82,4
1702,62,4
2879,98,1
299,82,3
4047,52,9
1401,35,10
3864,98,4
2420,21,8
326,86,2
2442,57,9
820,26,2
2281,23,6
1267,70,3
4988,14,1
3545,25,6
965,15,3
3620,86,6
4217,79,8
1451,55,6
4947,83,6
812,42,4
1966,89,8
2679,64,7
1251,81,2
3112,12,1
456,12,8
4039,60,8
1247,32,4
2290,24,6
4870,40,6
4552,26,5
1244,29,5
3331,73,8
1114,24,8
4804,64,8
2281,35,4
1876,54,7
4950,25,2
4768,18,10
3769,96,5
1013,15,6
1368,32,7
4768,53,7
4621,77,10
2410,54,4
3340,75,3
597,47,3
2035,58,7
1191,50,7
2949,63,3
3381,90,4
1159,43,5
1873,97,2
3333,15,1
2750,89,10
3616,61,1
2703,81,1
4711,72,9
704,43,6
4953,77,8
505,30,5
4822,87,10
1954,7,2
2839,51,10
1088,65,4
3663,16,3
2887,63,4
3499,8,6
462,38,6
3541,54,3
3151,62,8
4507,62,8
1258,8,4
3740,29,7
3278,85,7
870,46,5
1883,72,8
1068,15,3
2094,100,6
1333,44,10
4519,80,9
3467,18,1
3918,99,3
2883,25,5
2382,23,1
2740,68,9
2518,86,4
3733,75,9
292,71,2
1450,90,8
4286,1,6
4295,82,10
1083,3,8
749,82,6
1415,94,2
2660,83,6
2597,79,6
3838,92,4
3641,78,7
3118,44,5
4117,17,9
1589,9,2
2914,56,2
4943,43,1
3651,12,2
3652,78,1
2729,83,10
2472,36,1
4965,7,10
3760,56,9
4882,41,1
441,70,8
153,62,1
4637,88,9
2364,92,1
4310,41,10
1781,66,9
2545,65,1
1930,14,6
4564,90,9
1455,30,8
4241,5,7
3359,74,3
733,59,8
253,54,5
1738,29,4
3070,86,7
1396,96,10
4900,69,2
3946,45,2
4142,55,4
1613,86,7
4682,34,9
682,58,8
3867,87,6
3972,21,3
2469,83,2
3193,39,4
4566,2,9
738,15,8
3024,92,3
4899,27,8
4672,64,5
2660,94,3
4253,24,8
65,43,9
2086,41,3
3217,61,3
2401,29,3
1268,10,2
3278,24,7
1174,34,8
2125,38,5
4031,5,4
3433,26,6
4740,4,1
899,81,7
558,42,10
1056,1,10
3836,92,9
557,17,9
3074,16,1
3939,100,10
1786,91,2
2176,14,10
1752,95,9
4610,91,3
2941,82,7
3362,42,7
1157,47,10
2259,76,8
559,95,5
3968,17,8
196,40,2
1926,56,7
4572,18,9
657,68,7
1075,57,4
989,41,10
2298,32,4
3702,35,5
3941,8,9
1935,44,6
3217,79,3
3337,77,9
4302,11,10
3799,94,5
3795,2,6
285,53,8
3980,64,1
484,66,1
4279,72,10
4531,97,8
684,43,7
265,76,7
3780,82,8
163,31,8
1641,100,2
2233,32,10
1876,6,7
3915,58,9
3381,54,10
3593,42,8
3038,89,6
2543,36,3
979,1,5
4905,89,7
3836,18,1
4109,73,9
1365,99,7
155,90,5
4458,1,7
3,4,9
870,59,9
1204,16,1
2713,50,7
1550,3,9
4817,11,5
4576,64,9
2934,51,2
3264,12,7
787,83,7
4160,22,1
2701,39,5
3108,16,9
225,76,6
4217,7,1
386,89,1
1441,58,1
4398,84,8
1559,16,7
1583,97,1
95,93,1
2275,54,3
4015,59,1
3414,10,7
2298,65,6
3101,48,5
2339,52,8
3307,44,6
3772,18,7
3512,76,7
1608,14,6
1968,62,8
840,47,2
558,17,9
1044,100,6
35,6,7
69,11,6
646,8,10
2226,37,5
20,43,8
3436,55,8
774,67,7
3328,90,8
780,66,2
4434,76,1
2552,20,1
4698,28,7
750,29,6
4116,51,4
4108,55,4
2789,77,8
4400,53,8
956,83,9
102,91,5
2843,67,10
4537,97,6
2554,85,5
1706,84,6
1673,32,8
3691,94,5
1519,70,2
3324,83,2
3463,7,5
865,43,1
809,4,1
21,66,7
2601,35,4
1246,31,10
2269,80,9
1933,48,8
2858,31,5
1435,58,3
3371,44,2
2792,17,2
362,91,7
2183,41,7
3907,12,1
3549,89,1
2345,35,6
1509,20,1
4064,26,7
1403,22,5
3423,87,3
1719,96,6
4197,72,1
4085,88,8
534,58,6
4803,7,8
374,84,2
4000,35,2
719,62,3
921,44,8
3259,35,8
162,70,5
2892,45,10
841,100,9
3248,95,5
3175,25,8
3017,10,1
4916,70,7
1820,74,5
1732,96,1
2722,55,3
1219,51,10
4800,66,1
1194,93,5
4325,57,6
4234,25,8
4845,29,9
4683,97,6
4930,65,8
2704,55,1
1899,45,4
941,47,10
3441,35,7
356,31,10
2410,27,4
4857,8,1
2241,2,1
187,4,10
4672,13,8
3346,100,10
561,20,5
2524,59,1
2011,42,10
2680,96,10
1102,32,4
3205,90,7
3545,79,7
3110,78,4
4348,6,2
1091,2,10
4034,33,5
2032,63,6
2710,63,9
3602,89,7
1204,8,8
3556,8,10
1145,8,10
2158,58,5
1164,13,4
1087,25,9
1007,12,8
1730,20,6
748,77,4
3521,63,6
556,87,7
455,43,3
814,98,3
2468,87,2
729,66,1
7,86,6
1637,68,7
1789,87,2
4197,26,1
3853,82,4
489,38,5
3710,88,9
1650,46,8
4360,17,1
1774,93,4
2051,36,2
3836,19,1
1149,84,5
530,48,6
4043,62,9
2129,60,3
1277,71,5
535,54,7
4491,70,10
4454,53,4
1230,65,10
1657,69,5
1857,53,6
1388,98,8
163,25,10
4739,97,8
3297,91,1
534,3,3
2589,92,10
983,76,3
3272,91,8
1347,53,4
3801,9,1
2938,62,7
4080,68,5
771,9,10
4253,28,6
1735,65,9
4495,30,3
4625,48,10
4618,55,2
2215,30,1
1464,61,9
3330,5,3
1400,77,4
1394,66,10
522,89,1
645,44,1
4762,2,8
555,54,4
59,76,6
3954,46,4
1941,49,10
4239,12,9
4362,18,3
1148,82,4
3824,21,8
4712,83,7
2312,60,4
597,48,4
2845,9,5
848,53,6
2231,82,1
1048,58,6
3621,86,9
539,73,10
3573,95,8
209,24,4
2336,8,5
1132,47,7
2944,35,8
644,3,5
2887,9,6
2998,29,9
2570,64,7
645,27,1
912,70,4
2439,22,10
2644,2,5
4340,61,5
236,2,6
3341,62,6
1927,31,6
4572,16,9
2245,15,7
959,26,2
2727,34,6
2242,8,7
3120,34,10
455,32,4
818,12,2
3470,70,10
1665,42,7
2972,93,8
3439,20,2
70,68,5
384,33,2
3761,6,3
3925,86,10
2809,43,7
1907,58,9
1366,92,7
1933,6,2
3670,65,1
4235,19,6
215,75,3
4681,96,3
3701,34,4
4349,39,10
1243,95,3
4103,1,8
2556,36,1
3743,44,3
2524,29,9
1115,34,1
2625,14,2
65,85,2
1104,17,3
2177,1,1
1690,12,1
466,8,4
3403,52,1
2996,77,8
4998,24,4
1623,16,1
4777,78,10
4048,39,6
2275,72,8
2372,90,4
637,9,6
4338,11,4
4388,98,1
2173,72,3
3200,88,1
3707,33,8
540,78,6
1292,6,3
2412,45,8
704,52,4
99,47,10
4520,12,9
239,20,5
2360,62,9
1880,99,7
2877,91,4
2415,94,2
2726,61,8
4082,26,4
2178,5,2
3680,82,9
3314,73,4
226,15,5
182,26,1
1428,83,9
2419,1,10
4156,66,10
3216,75,9
1818,50,3
3039,6,2
4295,17,6
1721,21,10
2680,48,4
4120,24,1
1629,88,5
4942,4,6
75,63,6
1973,9,5
3695,39,5
4798,66,4
171,31,9
392,91,10
2870,83,2
2655,58,8
694,44,8
1520,14,8
2955,22,4
3570,22,2
10,81,7
2333,54,10
366,28,6
3354,8,8
182,57,4
1565,50,4
1969,75,4
2529,21,2
853,7,4
1709,81,3
3214,17,6
601,3,9
897,98,3
3640,36,9
3053,98,1
1175,14,8
481,48,1
1808,47,3
2531,6,10
3280,73,7
4761,15,1
3790,72,7
1863,79,7
4619,50,8
3853,7,5
3260,40,3
4499,87,8
929,83,8
136,24,1
3736,81,6
2911,74,3
1560,24,5
2404,2,9
4643,75,8
2637,58,2
4038,76,5
4806,93,2
363,74,2
4647,70,10
3476,77,2
68,49,4
4777,52,10
1058,18,4
1471,76,4
1648,49,3
2512,13,7
4964,45,5
3327,88,10
1020,58,4
1604,61,5
2688,42,9
131,52,7
3566,39,6
2761,64,3
1179,38,3
3597,80,2
2304,37,5
941,79,4
19,20,9
357,20,6
2885,85,10
2841,50,9
1648,35,4
1910,16,6
4244,69,8
4119,57,1
1644,28,4
1258,5,2
1561,84,5
1803,18,9
4870,23,1
1695,93,1
4345,55,10
4640,16,9
1861,60,7
2352,67,3
3542,19,8
78,9,9
4937,63,10
989,62,7
4149,79,2
1987,67,8
1910,36,6
2481,56,5
3353,23,6
4880,81,1
1452,66,7
724,9,8
4454,1,8
4699,98,9
2023,94,5
1442,83,8
8,45,2
4871,15,5
2583,17,6
4556,17,1
704,68,1
770,43,6
4329,84,8
2981,89,7
788,42,2
4467,43,1
170,60,6
1632,15,9
710,47,7
4486,68,1
2417,10,6
1083,93,4
1322,48,4
2552,86,10
3720,3,10
3267,5,1
4170,73,9
1084,92,7
217,86,1
3170,84,2
1193,46,3
218,12,6
2068,33,1
4623,65,2
1001,12,3
2892,60,8
183,93,2
3917,39,2
1736,93,10
170,56,6
4817,18,9
415,93,1
1179,32,4
1282,21,7
535,39,5
938,1,2
3574,2,1
4052,69,2
970,2,1
4484,84,1
4053,54,10
1378,97,5
3553,18,6
719,52,3
4729,65,3
2823,50,4
2694,33,6
92,33,2
2294,15,5
3133,57,3
2980,22,8
3974,29,5
1065,90,8
2741,1,3
2653,98,8
1847,89,10
3676,78,6
2754,85,4
1334,18,8
3662,49,7
823,41,4
4182,90,9
3283,76,4
1786,23,6
4393,48,3
1936,33,3
1161,50,6
542,19,2
2963,51,1
339,34,3
4340,99,10
202,31,10
778,37,6
1057,31,7
4918,40,3
1381,76,7
635,88,2
2689,65,8
1146,38,4
2086,29,10
2948,49,8
4988,100,8
2526,53,8
983,73,1
1348,62,9
44,53,1
2845,70,3
616,36,5
3031,70,9
1845,73,3
932,56,5
4004,89,3
2136,72,10
775,51,1
2497,53,2
4911,92,2
1333,46,2
75,69,3
3752,25,1
930,33,5
3737,42,4
4950,93,6
783,56,5
4104,83,3
1056,11,8
495,62,6
1291,50,4
2480,49,5
4,46,5
1753,89,6
405,86,7
3125,78,10
4185,78,10
945,72,8
1034,85,4
409,25,7
1169,60,2
2559,52,2
4672,29,5
841,53,5
1523,74,1
3646,59,2
1571,18,7
1956,17,4
3059,51,6
4717,1,10
1950,34,2
4790,48,2
1862,22,1
1220,94,9
356,11,7
1394,76,3
1389,36,7
1742,36,9
2143,37,6
359,90,5
1519,42,5
3550,99,9
128,65,2
4707,73,9
3190,13,7
4542,73,1
2154,44,4
948,17,6
1112,38,8
4671,46,6
3954,57,7
405,23,10
2588,69,1
1993,57,4
3072,15,1
4116,33,3
733,7,3
2352,9,1
4835,95,4
2682,48,1
280,43,3
411,65,1
1129,78,1
11,50,9
3791,28,2
1426,68,7
3305,45,9
4193,83,2
152,87,1
3108,45,9
698,6,7
2287,97,2
3191,65,6
3021,36,6
2845,100,6
4549,35,10
3148,80,3
3013,54,3
2078,13,4
1627,91,7
3343,59,7
1761,76,5
3035,77,5
4573,74,5
4323,77,8
941,32,10
2531,28,3
4794,93,10
3222,30,7
4037,93,5
172,47,8
4876,7,10
3892,97,7
4382,69,10
4599,71,10
218,100,1
4977,32,10
3813,59,9
3687,69,4
4737,36,4
4204,78,8
3532,26,2
886,34,3
448,17,6
4272,53,5
2048,56,10
3463,53,7
449,21,5
4206,74,1
1817,40,6
4269,4,5
2466,84,1
2942,8,5
2644,45,4
2952,51,10
1131,80,1
2240,65,9
3963,19,9
1880,48,9
4092,31,5
464,44,3
574,78,1
2340,54,7
2823,42,7
1066,35,6
3100,74,2
2866,42,6
2845,45,10
200,89,2
535,5,1
501,42,1
4620,81,5
2835,60,3
4057,19,7
1864,89,10
1618,90,5
465,17,7
4689,96,1
4491,25,5
3346,63,6
4902,62,2
2102,25,5
2124,95,9
4138,84,3
1263,39,8
1624,29,2
1597,43,10
767,54,6
2979,31,10
2470,49,5
3581,31,1
3255,74,2
154,67,2
1526,76,5
2029,67,3
3698,44,8
4229,22,7
4318,68,3
3496,65,5
33,85,1
561,49,4
509,24,6
824,73,6
90,17,4
1723,62,2
3677,26,8
2384,82,1
4009,82,7
1830,62,4
1556,84,1
3823,37,3
318,27,8
2557,28,10
49,47,6
2876,50,2
1029,45,1
258,65,3
567,33,9
3096,47,7
2713,61,8
3648,67,5
1320,97,7
4366,98,3
3543,54,9
2477,61,3
338,87,5
2977,76,7
505,88,9
1546,43,9
364,74,10
917,79,9
1232,52,8
939,30,8
3097,6,5
3440,87,9
2210,71,8
1985,29,1
2078,9,8
1989,95,7
3179,49,4
2771,83,3
3222,35,8
1751,20,2
4394,69,9
2306,91,4
4028,76,3
2291,82,9
1604,61,6
1372,55,4
773,48,2
3320,48,8
2488,60,6
2672,93,4
810,25,5
71,21,2
1661,19,7
1786,79,5
2814,39,9
44,61,3
1944,34,2
4319,50,7
3071,3,8
169,2,3
2958,90,10
4222,39,3
658,22,6
1387,65,5
26,5,4
110,55,6
1897,28,9
1889,84,7
1528,85,10
1132,66,4
3967,77,8
2501,25,6
2729,24,7
3039,24,7
1442,86,7
2038,69,4
130,100,8
4263,62,1
2070,98,8
4177,55,5
872,4,8
727,94,5
3759,56,5
1918,18,7
1324,85,4
4374,68,2
4215,39,7
557,22,2
4100,41,1
2073,98,10
1901,46,10
850,47,3
1193,7,8
3438,10,2
2471,43,4
168,5,5
2961,73,10
2753,76,6
2198,81,2
4879,83,5
4961,64,1
2676,76,7
2615,40,1
1709,56,2
3990,63,10
1924,91,2
910,4,2
999,70,3
4800,35,10
1627,51,8
2802,100,8
2366,31,7
4578,97,8
777,52,6
2983,50,3
44,79,5
3689,61,10
1838,63,8
1466,96,10
256,55,10
2473,41,8
3771,74,9
1515,36,6
2150,11,9
1710,23,5
4428,1,8
1824,1,8
198,91,2
884,76,8
3216,54,1
4196,86,4
3919,30,9
3648,5,7
4739,94,3
182,28,5
747,83,1
109,23,7
829,57,7
4688,90,10
693,14,1
1077,68,4
4911,40,5
3844,23,2
3596,5,4
1271,54,8
1265,80,1
1306,50,4
115,85,9
3864,84,10
2238,67,5
300,81,2
3017,46,6
3025,75,10
4563,62,5
4566,55,1
4989,32,1
4716,31,4
9,37,5
222,35,9
3368,26,8
459,3,9
903,18,4
903,86,7
4623,65,5
4882,22,8
867,60,3
1780,10,3
2937,84,1
397,39,1
3108,16,6
3508,82,9
2829,24,10
3261,85,5
1123,80,9
1162,82,4
898,89,3
537,58,9
4172,9,10
3592,42,6
1261,49,5
4698,26,9
1512,52,1
1292,97,9
3345,96,2
26,35,8
977,97,2
2607,78,1
345,88,1
2587,63,2
2548,12,3
787,59,6
4478,80,2
4758,7,10
3256,53,10
4774,23,8
1197,65,1
4863,52,7
1264,93,9
2342,86,10
3380,7,5
2185,80,2
2628,32,2
2960,21,7
2132,63,7
4329,46,6
4319,25,7
3179,5,4
3962,13,4
2397,73,5
1883,60,4
3286,66,7
1727,26,9
3139,36,1
2483,33,5
579,20,2
2243,47,1
4650,72,9
1399,22,2
1570,72,4
3948,6,8
427,32,5
503,3,5
3165,33,2
3526,6,6
3184,78,1
2334,69,10
4502,98,2
1642,70,9
2846,80,7
4565,93,7
1361,77,8
3596,97,6
1372,17,8
2607,54,1
4805,8,6
204,92,10
3006,23,8
3146,63,10
2083,42,10
4485,48,3
1887,5,2
4019,92,8
2670,86,6
2759,10,6
3678,54,9
3191,63,8
286,80,9
3600,35,2
1197,40,6
2183,35,9
1265,13,4
1384,77,3
3468,79,7
2285,58,3
3558,53,6
2303,42,6
2412,76,7
3149,65,6
3312,95,10
2452,85,5
4605,9,3
3103,16,8
4004,3,7
217,59,10
299,87,10
2654,2,3
709,15,1
1552,52,5
1057,68,9
3987,19,1
4449,46,6
4806,90,4
619,49,4
1594,59,6
4903,11,2
3769,39,3
1630,43,3
4062,88,8
1996,96,3
3451,92,3
1520,18,10
3923,87,9
221,16,2
1429,93,3
563,99,10
3386,45,1
250,79,2
4504,80,6
2773,7,6
4269,17,2
603,30,6
2477,82,10
3111,13,7
2922,22,7
808,70,10
4652,60,4
3036,3,2
453,7,6
2733,50,5
3386,57,10
3537,90,2
1888,28,8
1986,57,1
4008,37,7
3634,26,4
790,87,1
2308,10,1
4958,54,3
2083,52,4
3782,76,2
1393,65,5
3340,59,8
514,67,1
102,29,2
3482,90,7
2622,18,5
2293,88,2
2789,17,7
2463,32,2
1314,18,6
1959,12,2
3607,84,4
2105,13,10
1140,49,8
106,34,9
2811,18,2
4042,37,5
127,12,10
1363,50,8
4074,83,7
4028,94,1
4843,82,8
3731,28,6
2673,22,10
3571,27,8
4825,35,6
803,38,9
2380,56,7
1564,51,1
2106,88,1
2634,34,9
2745,94,2
4952,35,3
1554,21,6
2472,68,3
416,85,7
3769,21,8
1581,30,4
3295,91,6
4367,93,8
1296,67,8
1343,81,7
1944,84,9
860,24,2
4800,100,6
4592,62,10
1845,30,1
4414,85,1
454,23,4
662,52,4
3500,80,5
796,44,6
2429,44,4
3435,53,3
4898,97,4
249,94,6
57,87,10
617,6,4
206,98,6
2587,17,10
2084,71,7
498,60,1
3620,62,3
907,85,4
2632,83,10
1055,35,10
1677,20,9
205,1,2
3782,91,8
1497,51,3
108,16,6
3699,81,5
3685,9,1
209,86,2
2216,96,1
2229,3,1
91,18,7
847,78,7
2653,27,10
1125,40,9
4498,77,8
3706,60,2
3374,59,5
1961,88,8
3340,53,3
659,13,9
1003,31,9
868,47,7
2382,42,4
111,42,3
1449,48,8
2381,77,2
3466,86,10
2447,14,6
3352,32,2
300,23,7
4244,14,1
2041,57,4
1111,38,7
4297,95,8
3682,20,1
2113,7,5
4700,87,6
159,30,1
3692,61,2
2705,35,2
3250,55,1
572,57,9
2164,40,5
3051,93,3
727,65,5
3611,9,8
3610,47,7
2763,64,10
1286,96,2
4792,99,10
2759,15,5
3202,88,6
539,21,4
2636,8,5
1016,5,10
1706,90,3
3349,51,2
3822,96,2
4889,45,3
4000,75,2
1311,94,2
2391,91,10
4862,70,9
4422,52,4
4484,14,8
896,55,2
778,23,9
2445,27,3
4180,36,4
2437,68,4
106,28,4
2811,1,7
1980,6,4
1635,69,1
3283,1,7
4583,79,10
1316,84,1
1638,17,4
3528,64,6
4734,89,8
3076,59,2
575,31,8
3498,20,2
4019,84,9
1959,29,3
2069,65,6
605,43,2
3389,44,9
47,19,4
574,31,1
1545,50,1
123,2,10
1935,82,4
4539,53,9
1532,85,7
30,76,7
3046,67,8
1134,79,2
3178,8,4
4824,24,8
545,51,5
968,59,1
4991,94,8
4900,90,5
867,63,9
480,42,7
997,14,9
3466,49,9
3088,21,10
2106,28,1
2420,64,7
2077,49,6
3539,81,6
3183,30,6
4509,67,6
4687,58,6
4635,44,4
3397,95,6
1773,31,4
3675,72,6
4416,99,7
3531,37,7
1498,89,7
2329,54,4
2771,92,2
2078,98,4
372,64,3
4070,44,10
2535,100,2
1360,22,3
1027,92,6
1657,32,6
1450,47,4
2474,92,9
80,13,9
1942,93,2
901,5,2
1650,55,6
2239,93,2
2437,42,4
683,5,4
2267,67,10
611,98,5
3299,53,1
1364,9,7
4180,76,10
2403,4,3
4912,84,7
3434,62,9
4779,30,7
3195,35,3
394,53,6
1094,42,10
4487,43,2
4422,76,3
4232,23,6
1434,27,8
781,99,1
3655,27,4
2381,25,8
2321,5,4
2420,83,7
3036,66,9
756,14,2
1773,73,10
1359,32,5
4844,68,10
4570,41,2
3012,48,6
2959,44,6
648,18,1
2684,35,6
4007,2,2
3570,21,9
3150,30,2
2508,100,8
2461,77,8
4571,34,9
1082,65,3
4965,7,4
151,23,3
3850,96,7
2824,1,9
2369,95,3
4955,67,3
867,53,2
1688,51,9
4813,49,5
4488,4,1
2059,73,8
215,87,2
4883,78,3
454,74,7
57,5,7
246,26,2
2179,59,5
402,85,10
3735,40,3
950,28,10
1866,72,8
4569,93,10
1721,94,1
4016,79,8
418,94,8
3790,72,7
3179,16,7
2492,38,8
1064,51,5
4756,32,7
4929,97,3
3640,3,4
3112,71,4
2732,36,3
2021,57,9
2069,31,9
2857,35,2
3842,28,8
3018,96,7
3970,100,10
2892,19,7
3886,36,4
750,53,6
1059,55,7
4452,25,9
4356,1,7
3673,61,6
1243,41,4
421,23,5
275,85,7
4579,11,8
238,65,10
3389,35,7
821,54,5
502,65,5
4408,94,1
4450,14,3
2594,44,2
2984,28,1
3156,47,9
4852,18,2
3072,11,4
3304,29,7
2390,65,2
4381,82,9
2900,68,8
1000,16,2
3326,42,5
766,43,10
32,70,1
471,2,4
337,9,9
646,88,6
4420,9,7
4872,68,2
3449,19,7
2626,5,1
3368,87,5
2163,31,5
3068,28,8
4043,12,6
931,84,5
2483,88,10
2896,23,9
1858,22,1
1219,95,2
1573,49,9
1996,22,8
818,94,6
2506,100,9
429,85,5
1960,13,8
1219,87,3
1359,89,6
4690,22,4
411,21,7
4183,23,6
248,35,10
2433,15,1
1,100,4
1858,44,1
3206,91,3
4747,8,1
3558,93,1
1375,79,3
1093,40,9
426,32,4
2194,19,7
3669,80,7
2623,17,9
3357,80,3
4986,61,6
3043,11,2
3753,32,6
1535,31,6
2908,45,2
333,44,9
1637,36,7
1454,94,5
2374,55,7
3952,64,9
2749,69,1
2185,73,8
2739,80,6
3155,45,5
2986,63,6
1478,51,6
948,27,5
1306,21,6
2470,44,10
4369,81,6
149,25,10
499,9,8
4519,92,1
1214,72,10
4495,16,1
4099,27,10
2541,75,9
136,64,1
2809,85,8
2858,65,10
3382,3,3
4581,91,7
427,65,9
1086,69,4
3807,39,10
1431,54,3
4413,95,7
1468,17,4
1378,14,6
4959,24,8
2979,40,2
3449,48,2
4400,19,6
4955,15,2
2832,11,8
2357,7,3
4229,57,4
589,29,1
1212,87,7
2571,51,5
2319,88,4
2810,18,6
4310,85,1
597,70,8
2858,81,7
3411,22,5
3896,42,3
1687,44,8
3150,62,2
2465,80,7
1881,37,6
3640,98,2
4883,81,10
4444,23,10
2138,30,6
1355,10,10
1504,80,1
77,14,6
4235,42,3
584,18,7
2286,33,7
1424,84,3
4909,39,3
4129,21,5
4331,69,1
3705,4,3
2474,89,1
1105,77,2
617,12,4
772,47,1
3518,3,4
4743,26,6
1196,77,3
1955,67,4
3210,79,1
886,63,10
274,14,7
923,76,6
4467,20,8
4738,28,4
3420,93,3
1628,19,4
1020,44,2
279,89,7
1238,14,7
732,100,7
2408,92,4
311,13,1
2902,47,10
4774,77,2
3159,39,2
1909,77,9
3385,31,2
2411,50,3
3287,54,3
2546,20,8
4056,5,2
3511,63,4
482,37,4
561,23,6
2330,32,2
386,72,1
411,58,6
75,38,6
65,50,2
4887,86,9
4127,83,7
3988,4,8
4963,48,6
2818,69,5
924,30,7
734,49,10
3169,88,5
834,71,9
727,91,3
4209,82,4
3478,16,6
3312,97,8
2006,98,8
317,43,9
643,16,4
4761,19,9
326,21,9
4865,22,6
2816,46,1
1532,9,6
1099,44,3
4691,36,8
4973,51,2
3819,55,2
3681,62,5
4079,56,9
3888,75,4
2155,42,4
4410,44,6
2987,27,2
4795,32,5
2941,52,5
3832,72,9
4809,91,4
1593,37,4
1377,9,4
2040,64,4
4279,31,7
633,62,10
884,7,5
225,90,1
4359,91,6
4978,52,4
982,25,6
4108,5,4
3722,67,6
2181,93,3
73,36,10
180,70,5
3383,71,8
3653,82,3
4015,75,7
2697,37,6
4190,86,2
3584,41,9
3931,12,10
1390,17,1
4107,25,8
4974,35,10
3816,73,3
2176,29,5
4884,12,4
1461,42,6
4173,32,3
3399,75,4
4386,20,6
408,56,7
599,77,6
2302,41,5
800,26,7
951,82,3
3859,56,2
3366,84,4
2085,93,9
979,37,7
3022,83,4
1596,3,9
3859,16,2
2080,96,1
2248,91,3
2980,31,8
3478,82,3
2369,23,5
2620,42,3
2162,30,1
4537,93,7
3606,51,4
2516,30,7
1344,56,10
3474,15,5
1446,1,10
2355,28,5
4352,100,6
1657,100,2
3032,27,10
1172,75,10
2298,94,3
3046,1,10
1167,97,9
1211,17,4
4354,66,6
2557,40,7
1056,75,9
473,37,8
4021,26,8
4709,45,3
2718,36,1
1989,42,7
3864,33,8
1426,4,6
812,68,4
1721,28,1
103,73,1
4301,92,9
3866,80,4
1603,48,10
3741,79,8
3424,91,1
2456,65,1
879,45,5
4066,96,9
2972,40,1
1861,4,2
4487,84,1
2019,18,10
141,62,4
2445,70,1
1375,11,6
645,56,7
3243,51,3
1815,28,8
2774,29,8
1821,13,6
4138,77,8
1988,61,7
386,4,1
3319,52,7
4243,76,3
3019,74,1
4267,2,9
4066,10,3
2761,67,10
3992,19,2
4388,86,4
889,49,4
523,12,1
2007,31,8
3793,61,7
4535,38,8
2867,38,6
2988,98,1
2357,37,2
1184,84,4
4731,91,8
4451,95,3
954,40,10
3208,8,1
4039,24,4
4287,84,5
2064,56,6
1873,88,5
1560,79,4
3445,21,9
3022,64,3
967,62,5
1926,14,7
354,27,10
2140,80,6
1867,48,8
4870,88,6
2740,93,3
3860,87,6
2423,88,10
223,14,9
4783,17,1
2782,41,3
1348,29,1
4675,36,2
4045,71,7
2407,62,4
549,52,2
160,4,7
4581,76,9
2021,22,4
3915,88,9
2503,8,2
620,60,7
3984,31,6
3510,19,1
4565,23,10
4519,2,10
1479,67,2
1014,6,1
3361,6,7
3232,89,4
4709,89,7
1809,24,10
776,87,9
1177,78,2
1733,54,6
3650,61,6
3821,90,4
4674,21,1
137,72,2
65,27,3
4319,53,6
2874,63,7
2946,40,3
234,11,5
742,42,5
3956,55,5
59,19,2
3392,51,1
4639,28,8
1929,87,3
1621,39,9
2128,52,9
4798,50,8
3422,17,4
2082,28,4
3004,78,10
3368,79,4
2309,26,10
4604,1,2
1308,19,2
4838,10,3
2063,4,5
3739,83,7
3933,5,6
3883,88,1
4508,53,1
1726,62,7
807,38,1
2122,83,7
1355,4,4
859,59,4
3161,40,8
1804,17,6
4325,76,1
3040,96,4
2208,81,3
2492,62,2
4149,58,9
3340,31,10
3662,84,1
4576,19,6
2347,70,10
2699,73,5
399,14,6
3649,20,1
4263,100,10
2679,13,5
2479,81,2
4878,50,1
2631,10,2
3813,55,3
2345,2,9
2334,89,2
1509,83,8
657,46,7
4315,73,5
3823,90,7
1478,70,10
4946,41,7
638,65,2
2820,67,9
2498,29,6
38,97,5
4053,95,4
4471,87,7
3543,12,9
67,24,5
2626,4,1
3398,1,3
2003,69,6
1920,43,5
985,10,10
2299,88,4
2297,35,7
4122,28,9
4058,20,7
4849,63,5
527,26,1
1499,44,9
1062,59,1
1389,100,4
4146,98,3
387,13,1
1601,65,9
1605,42,9
529,27,1
2757,91,2
2323,98,9
902,89,10
3744,80,8
4567,1,4
1270,28,8
2635,100,5
3411,1,3
3531,72,5
395,11,10
2150,65,2
753,14,1
3521,92,9
2177,65,6
3655,5,9
4549,53,9
3693,8,1
3579,29,9
2972,39,9
2775,19,9
3266,35,5
3066,21,6
4107,89,1
3360,31,8
3449,88,7
3226,11,6
2960,63,1
1680,16,8
2083,44,1
2551,69,4
2050,30,10
3956,4,2
2416,30,1
1093,20,4
4411,72,6
1611,45,6
1970,22,4
4782,62,2
709,87,4
4057,35,3
2541,92,6
715,60,4
4998,39,4
832,20,7
2453,1,4
4719,61,10
2197,8,4
2539,66,8
4182,93,8
4275,70,3
3157,32,8
2770,65,10
3124,84,9
3308,92,7
123,1,3
4140,8,8
1934,24,2
676,14,9
2891,41,5
2561,14,4
3758,65,7
3760,60,7
4185,8,4
622,26,4
1606,17,9
661,27,5
3073,59,7
134,56,1
4766,44,7
3333,88,8
2361,10,8
3551,62,1
3095,35,7
2992,89,5
2599,90,2
4209,72,10
4657,17,4
4513,49,3
4297,7,4
2556,60,1
1616,61,4
1255,54,10
678,10,10
2150,65,7
531,18,10
3232,80,1
2272,5,9
148,100,10
2557,61,5
37,83,5
3539,10,4
3505,64,7
4535,10,2
4377,30,4
2007,49,9
3024,95,8
3747,29,9
4765,10,8
719,37,9
4605,39,9
2270,11,8
1891,31,8
4310,71,4
1842,47,3
3695,85,1
1236,19,4
2612,70,4
1522,78,6
1645,72,2
2278,54,5
1263,85,5
2527,22,5
4718,85,4
4257,96,6
464,79,7
4905,64,6
1758,85,8
1577,84,5
3675,61,4
4043,73,3
2507,12,9
4511,36,6
2576,58,2
4545,54,6
2501,51,2
4775,100,7
159,86,6
2127,85,7
527,44,7
3052,88,3
1022,77,10
4874,85,9
2239,24,2
3685,51,5
2491,55,5
918,27,8
2650,57,5
2132,36,4
3947,34,2
718,83,3
2277,77,9
3541,44,7
4084,62,10
3745,65,8
1336,44,5
232,14,9
2672,50,9
3733,54,10
2193,60,8
1323,77,3
2937,46,1
1989,61,5
1704,38,10
4480,44,10
1539,97,7
94,8,4
2936,21,3
3349,4,1
4743,13,2
4545,2,8
3109,19,10
4204,22,10
3499,80,2
502,11,10
1578,69,1
2223,84,3
433,69,9
4843,57,9
1677,29,1
4619,27,5
51,40,9
4908,90,5
1045,74,8
776,36,4
808,59,1
616,98,10
1052,73,5
1548,79,1
3116,24,8
2810,23,1
4089,34,6
1078,99,6
3444,89,6
24,14,9
3387,6,6
3991,62,10
4906,28,5
1004,11,2
1440,24,7
180,46,10
4102,44,7
2417,53,6
516,55,5
1774,33,7
781,86,3
354,43,1
1128,14,4
2446,88,9
1687,60,4
4183,36,4
1006,18,5
2963,47,10
3087,1,10
540,86,4
2212,13,5
1551,21,5
3033,18,5
1586,55,10
3310,1,6
1084,36,4
2886,74,6
3437,40,9
857,94,5
758,44,10
2020,61,2
1251,63,3
1926,3,8
1734,55,7
1534,7,10
1923,21,10
3525,79,7
4353,20,10
3750,65,4
3817,65,2
1946,57,9
122,71,2
4790,41,2
3279,51,7
2933,26,9
3454,56,2
175,15,6
2500,48,9
3011,60,9
727,32,9
3602,16,6
3068,75,5
2920,94,5
3308,41,2
2704,27,3
3093,41,4
4440,37,8
3478,50,1
586,33,3
1655,43,9
4764,60,10
3096,2,4
870,23,8
1398,62,3
400,58,5
3427,20,6
2276,45,9
4377,90,9
239,21,10
3369,38,4
4719,87,5
450,37,6
1427,94,9
1223,29,4
45,55,10
736,70,9
40,92,9
3121,91,10
941,72,8
2310,27,2
1849,81,1
1118,73,9
335,45,4
2695,70,7
4574,80,4
3566,21,10
871,63,1
1891,61,9
2002,92,3
1850,20,3
3832,100,6
935,35,8
4633,73,10
2804,92,10
3801,29,3
3251,50,9
2466,80,2
3670,11,8
1679,75,3
3766,47,9
664,5,3
1678,60,5
919,100,7
4213,98,5
3032,40,9
799,72,1
4465,22,9
3845,41,2
3684,96,7
3217,9,6
2861,83,3
1191,75,5
3884,16,2
2938,34,4
2946,66,5
2106,74,7
1064,45,9
633,57,4
46,56,10
2698,73,4
3578,98,10
4724,51,1
2006,9,8
2893,76,4
2908,62,9
2008,39,5
413,65,6
4866,2,1
3928,20,2
1782,56,5
4991,13,1
2711,11,8
4693,35,10
4243,53,6
1785,31,8
4222,77,6
2524,57,2
3605,89,2
2802,96,10
3846,14,5
3506,30,3
738,90,2
3093,2,10
2642,43,2
1737,78,9
2029,2,2
2949,79,7
3680,35,7
2235,60,5
986,13,7
190,80,10
4485,93,6
715,16,1
4925,63,5
2709,53,8
2670,51,3
2035,19,7
150,16,4
3110,44,7
1269,48,7
1510,28,8
2861,53,8
3201,47,7
4249,48,2
4443,10,6
1038,85,9
3542,30,9
2481,5,5
477,10,8
138,48,4
876,100,8
2280,35,9
1928,46,8
3070,25,8
2969,79,2
1221,58,10
3586,3,3
1634,89,10
3549,45,8
4069,92,9
4211,65,8
3167,51,5
2879,92,6
4560,15,3
2460,50,8
3741,100,9
3204,11,5
30,17,9
4089,17,5
4060,61,10
105,49,10
376,93,4
2059,72,8
619,80,7
4373,72,6
4611,46,6
2758,39,3
94,71,6
260,18,2
4522,54,1
2539,35,6
2251,29,7
830,24,10
845,48,3
3173,19,10
4955,69,6
4315,14,8
2641,38,5
3003,23,10
265,42,4
1813,17,5
4513,41,8
1025,20,6
1604,16,7
212,68,1
186,69,1
4619,85,3
459,29,5
3590,63,3
3430,7,6
1504,15,6
3164,7,6
4035,30,2
2053,52,4
4722,47,9
4865,61,2
4669,51,10
1370,78,3
3702,99,4
795,29,5
3763,21,5
1572,72,5
4975,33,7
1369,12,8
4282,5,4
4508,6,3
4601,18,3
828,63,8
2934,69,1
208,85,10
2828,92,2
1002,77,2
643,97,9
3421,28,6
2339,67,4
548,61,1
252,69,1
1355,6,5
527,31,3
1252,36,10
2064,44,3
4868,74,8
2159,61,9
411,30,4
4209,39,9
4717,76,10
4165,16,2
3585,98,6
4686,81,1
2997,50,1
10,41,10
4920,94,4
4534,81,1
1933,47,3
3325,86,5
3797,92,4
1224,21,10
4655,86,5
2931,26,5
3493,21,3
809,76,6
1524,23,7
3473,22,7
159,23,7
3937,78,9
51,45,3
3641,74,8
3821,83,5
4843,67,6
2946,68,6
3956,81,8
3867,5,7
655,30,6
1860,84,8
1918,13,6
3070,41,4
2079,1,5
3742,72,2
1970,33,2
1930,7,1
1214,77,2
4606,20,5
2379,66,9
2519,72,3
166,67,6
390,17,6
2391,23,7
1336,38,9
286,82,7
4233,74,4
3601,38,8
1652,74,10
1905,73,1
3192,25,8
4019,74,2
1147,40,1
879,70,4
1184,99,2
2318,58,4
141,80,7
765,91,3
3349,24,10
4222,6,2
1022,98,7
4629,83,2
667,43,4
4946,89,9
407,83,10
1674,54,4
1240,73,4
4058,33,6
2103,55,5
69,82,6
3862,13,7
4353,10,9
3529,94,7
2330,78,2
2722,71,7
1589,32,8
3531,15,3
1103,61,3
2336,37,7
2243,22,2
2042,79,4
54,89,3
1276,26,3
4107,100,1
2713,51,8
3753,92,2
1747,30,4
4182,3,3
1852,32,8
1526,44,1
3092,88,2
4089,76,6
1438,3,6
3519,37,5
2786,68,1
1816,34,6
3452,29,5
2137,57,10
3471,65,1
375,76,3
2497,62,7
3708,89,1
955,32,9
3809,2,10
2636,55,4
3673,72,9
2026,4,10
335,59,10
2582,28,6
4165,75,5
1921,76,2
564,73,8
4889,100,3
3480,23,2
3528,35,2
1942,2,5
3863,60,7
2153,72,8
2200,9,10
3248,87,4
1637,58,9
967,85,1
49,74,5
2121,60,9
4732,41,7
3917,49,4
590,73,2
4497,37,2
2504,71,8
2541,69,6
4625,11,3
4784,91,8
4727,46,7
3073,44,9
4485,26,3
2496,39,3
4665,31,5
4916,95,5
3294,66,5
1566,54,1
2748,53,7
3706,77,5
1182,100,10
3432,74,6
4224,69,1
3495,1,7
3794,60,10
1455,51,7
3104,16,6
1498,33,8
809,2,4
3641,11,8
3899,48,9
3767,9,6
1304,44,7
1007,54,10
4179,21,6
4363,40,1
430,88,4
1261,86,9
4957,30,5
3728,42,5
2964,47,4
2530,42,1
1673,45,3
2402,64,5
4080,47,7
1145,81,2
3983,51,3
785,73,3
2947,46,10
170,92,9
3731,58,7
636,82,9
2991,23,10
3926,5,5
4522,82,4
759,70,4
3117,45,10
2502,72,6
1648,96,7
3682,100,3
2782,7,9
4692,44,5
4746,34,1
2693,98,1
2845,46,3
3503,26,7
1474,30,3
491,8,6
4366,6,3
1704,11,8
2630,60,5
2502,10,5
3978,96,2
2588,96,10
1107,83,7
4092,57,6
3309,30,10
4138,98,10
1252,57,1
2255,86,7
4910,26,7
1831,86,2
1846,24,10
2131,94,1
1216,100,9
3978,47,4
202,6,8
3689,75,1
880,24,1
315,75,10
1674,75,1
2153,81,4
302,62,8
1602,86,1
87,80,8
3984,5,9
2064,73,5
1909,3,4
4869,54,3
4686,6,6
3740,48,5
2852,38,6
2333,91,3
3159,79,6
4570,92,5
1542,84,1
1903,20,8
3742,20,2
865,50,7
1152,66,2
3120,2,5
4904,20,2
4431,16,10
1311,37,3
3795,12,2
981,18,3
2646,40,7
2617,25,6
2209,76,5
3410,75,6
4397,26,9
276,27,4
2659,46,10
3844,77,9
4743,41,8
4480,36,2
4991,67,4
2821,63,6
216,71,1
1263,25,2
3321,50,8
3532,17,6
1391,83,3
371,81,4
560,30,8
2034,90,8
3424,45,8
3216,98,9
3540,59,5
4042,71,1
66,83,9
4366,30,6
174,82,9
4788,56,3
4566,37,3
2003,56,5
2199,21,5
2298,77,4
3060,12,8
1452,33,7
4746,66,3
1539,73,9
4627,41,2
3894,34,7
3838,31,8
3678,23,9
3931,63,6
3053,20,8
2662,95,2
3662,71,1
704,91,7
3857,9,2
4445,32,8
1732,68,10
1790,66,7
2055,73,4
4318,37,2
724,64,9
1449,65,7
823,98,7
4285,24,10
4413,22,8
4247,35,5
1182,47,3
1332,42,6
1134,52,6
1720,35,9
1408,99,1
4903,81,9
2616,84,2
4995,59,7
4125,99,2
2008,31,7
2834,56,3
4065,70,1
1250,13,2
2793,37,5
3793,51,8
387,22,8
3548,99,4
4448,6,6
4981,32,7
4285,24,8
2157,4,1
3894,18,8
2746,21,6
3977,68,5
4003,4,7
4764,43,2
2924,51,2
693,60,9
3212,72,2
4145,92,9
2364,31,8
2452,40,2
4422,87,3
4446,68,4
280,90,8
208,69,7
1270,93,10
4859,78,3
2373,8,4
3923,40,9
528,40,5
1970,6,6
3325,28,7
2084,45,10
1099,34,6
4414,22,6
146,50,9
2189,45,2
3671,40,8
719,9,9
3354,90,7
211,46,6
3801,99,2
979,100,3
3306,7,1
4399,18,4
2410,61,2
149,50,7
1291,12,5
1929,26,6
3064,72,7
720,9,5
4743,37,2
3589,83,3
2140,41,10
147,71,10
86,12,5
2433,98,5
902,84,3
3892,28,3
3643,39,8
2089,48,6
4959,52,7
4875,71,1
593,84,9
1244,66,5
1890,56,10
4499,35,2
2336,7,9
194,82,1
1779,6,10
3239,16,5
1936,37,6
2426,72,2
4998,26,7
1520,65,4
87,65,10
439,55,5
497,6,7
679,28,6
277,26,8
2247,95,5
2571,60,10
2352,67,6
539,25,7
1951,53,5
4657,77,1
3118,45,10
3304,82,2
314,82,4
4575,29,1
3157,74,10
1699,55,6
1565,17,1
470,26,5
3510,37,4
4950,19,6
3568,75,6
847,93,4
1045,75,2
3445,93,10
3676,65,1
4647,24,8
4552,6,1
1430,6,10
2392,44,9
504,79,3
3205,23,6
1146,23,2
849,100,5
914,87,3
910,43,2
2935,43,8
545,23,5
1597,82,9
1429,55,7
4627,15,1
1365,41,8
866,79,7
3627,100,5
2704,35,1
1437,90,5
207,53,4
1371,71,6
3093,90,9
864,28,2
257,27,9
601,91,7
3807,73,6
3878,47,7
23,10,4
204,16,10
2309,85,3
3511,11,6
4511,2,6
2646,91,6
1099,67,9
2560,20,10
892,84,8
1726,73,7
4448,26,4
4912,45,10
3817,61,4
4915,18,3
1968,22,7
869,43,5
550,79,10
2707,21,7
499,41,3
2712,50,1
4191,83,9
2687,45,7
4570,5,1
311,5,7
2932,12,7
2989,62,7
323,49,6
4865,48,3
3986,58,10
1514,69,3
182,5,2
4887,30,10
660,90,2
3892,70,1
761,62,5
1519,20,3
3696,79,9
2862,66,8
3866,17,8
4691,63,4
4659,96,2
893,70,5
2054,1,4
699,29,8
1605,21,7
3975,100,9
2530,65,10
4931,65,10
451,85,5
3490,56,6
4530,56,7
3052,12,8
1824,54,9
2085,92,1
3178,71,2
3210,90,4
482,11,7
3627,97,5
4855,67,8
3043,63,8
3130,80,9
1918,4,8
1541,29,4
966,48,8
3839,13,2
2042,88,5
4514,96,6
2999,92,4
2980,2,7
289,38,9
4332,51,2
3995,13,4
4982,72,6
351,38,1
4011,1,10
3319,20,2
1642,59,3
1025,14,9
987,18,9
86,13,8
2513,74,3
3877,39,10
524,89,5
3458,90,7
1418,54,2
754,77,1
2587,60,10
2838,48,8
3109,13,8
3138,74,10
4518,1,4
2811,76,10
1300,58,5
1791,3,7
3316,95,1
2698,16,4
3530,64,8
4850,94,1
4392,69,2
2859,79,7
1597,97,10
3413,30,7
4218,67,7
3232,8,7
3038,4,5
4452,25,8
139,2,9
2376,14,6
4494,45,7
2192,98,6
4060,30,2
4686,45,10
4478,44,5
1898,85,1
2718,47,1
381,51,8
1856,36,8
3395,19,5
1087,83,9
2283,2,10
1811,47,4
302,12,2
4037,32,2
146,92,4
1245,1,4
535,37,10
3613,15,2
3954,61,8
1023,98,6
2188,55,7
3181,77,3
781,69,7
3675,54,5
297,64,10
1200,29,5
3664,1,1
611,11,5
1696,12,3
4571,1,3
3344,3,3
3215,78,3
4788,75,3
3325,21,9
4312,7,9
612,23,6
2608,7,5
2291,18,7
1268,13,8
4016,99,10
3589,20,8
1437,18,6
4514,44,5
1512,32,10
391,22,8
4915,80,8
136,70,4
4397,38,6
1770,6,3
2542,48,2
4644,41,4
3498,22,4
465,51,4
3323,81,9
252,76,10
3336,96,1
2064,13,9
4234,51,2
116,6,4
743,55,2
4058,3,5
4964,15,6
4901,80,8
3011,65,5
3546,18,8
4111,9,10
998,98,8
1038,68,6
3432,86,9
1522,95,7
4302,42,8
674,83,5
1474,20,9
4954,41,10
4606,87,4
4581,59,4
1966,49,3
3927,32,2
4846,24,9
3646,76,1
229,76,9
1308,68,7
2429,86,1
1523,26,7
2670,9,2
1170,17,8
3827,14,8
1678,17,9
646,89,9
3992,79,4
1711,22,4
2413,79,5
635,96,4
352,40,2
682,8,2
2561,49,1
2320,33,2
2365,7,6
1159,100,10
2788,50,8
1339,97,2
1373,12,7
1495,99,10
4361,94,1
2533,19,1
866,27,6
705,18,9
3419,47,1
3497,96,10
534,53,10
1435,51,8
2041,31,8
416,9,8
2756,25,4
1089,2,3
2599,43,2
2029,8,8
203,27,9
4096,41,6
3539,69,6
4845,92,5
407,29,3
3582,58,4
2624,19,1
3893,65,10
218,80,8
4924,25,8
2332,28,10
639,94,10
1470,25,7
325,63,3
24,91,2
4738,18,6
847,48,9
388,20,4
775,77,4
3908,32,1
1998,83,9
2365,30,3
4433,54,2
3202,29,1
708,92,2
2179,19,4
4982,12,7
4119,56,8
24,16,7
692,29,7
4226,43,10
4348,55,8
1175,81,5
315,66,5
1728,96,3
1012,23,8
1285,30,3
4252,66,6
1951,91,8
3489,10,5
1545,71,5
4002,93,5
191,70,4
1682,49,3
2246,13,4
1387,45,6
3900,79,7
3917,28,9
83,33,10
2280,16,8
4555,46,1
4086,72,9
3119,78,8
339,24,9
4519,10,8
3348,89,9
3457,33,1
2685,81,8
2330,84,5
1488,39,5
4646,30,1
2408,92,2
2890,23,5
3054,1,3
3025,5,10
1850,88,3
2491,25,6
4829,38,8
4186,86,8
3908,58,7
3658,26,1
4438,81,8
400,75,5
4264,63,4
1049,83,9
1778,2,2
991,57,3
3860,1,4
4820,50,5
3820,45,3
1992,54,7
1736,99,4
1056,21,2
2604,79,9
294,13,8
3932,43,2
3061,37,10
4627,85,4
1665,25,5
1120,6,9
1280,19,9
4803,92,5
181,57,5
487,67,3
2988,87,10
2759,37,7
2647,17,1
3878,5,6
3150,67,9
2213,62,7
2527,75,6
836,83,10
3719,44,5
4329,50,3
4535,62,10
256,76,3
1068,100,9
479,52,1
4661,28,7
2367,82,5
2331,55,6
1996,44,3
4064,14,9
2074,35,8
1438,64,2
3745,14,4
3182,86,2
3696,39,1
1368,1,3
964,99,5
4449,29,9
3681,61,10
3024,71,8
4783,28,3
2492,75,10
1274,16,8
2756,25,3
445,39,10
612,31,6
1998,82,8
2310,4,1
2748,82,3
1326,43,6
3055,51,4
1683,2,1
2661,80,3
2514,10,8
2464,96,1
4555,58,6
2863,88,4
2528,28,5
1753,91,6
4093,86,4
2336,29,5
1859,35,7
4144,5,10
1900,40,2
2950,1,7
3582,84,7
2931,77,8
1942,1,10
1067,21,5
3039,29,6
2075,74,7
757,69,4
532,67,5
2621,87,10
87,8,1
4516,42,7
1582,45,3
132,94,5
339,67,6
4570,60,6
4923,100,4
4756,62,1
1259,68,7
1840,5,4
3539,56,10
3257,51,9
2987,67,8
3202,49,5
842,19,9
2362,67,10
128,65,4
4811,74,3
3165,1,5
507,39,3
3690,42,5
1008,88,5
3173,71,10
1862,27,6
3581,19,4
3965,81,8
4765,16,4
3902,67,2
1814,20,9
1331,81,2
2657,17,2
3909,86,7
3806,42,7
1656,39,1
3531,11,3
2811,1,9
3329,93,5
4701,19,5
4686,19,8
1368,7,7
1391,76,7
2420,93,6
3055,62,10
4626,34,1
3273,100,9
4129,42,1
1665,45,9
1862,50,6
1783,76,7
4030,45,7
643,2,7
4713,6,10
3733,72,8
1154,30,7
3625,65,5
389,67,8
1354,17,1
608,73,2
3380,26,4
2438,53,2
2656,9,6
3583,10,8
2639,50,1
3491,22,1
2752,70,6
1354,49,9
1179,90,1
3057,65,10
4651,62,7
3417,68,2
77,85,3
2905,19,3
1902,81,1
4783,36,4
3726,68,8
718,54,2
4900,6,5
3803,32,10
3369,34,7
2382,58,10
695,5,4
2425,96,7
3554,81,3
258,24,10
52,61,9
2301,98,5
3106,61,2
2824,21,3
2614,24,5
1955,39,1
1359,33,5
2813,59,5
1901,82,9
4887,6,3
4216,40,10
3233,73,5
620,71,9
1093,29,2
1809,83,2
4343,91,4
3933,54,7
4386,22,5
1750,33,10
3621,86,4
1480,53,9
646,23,7
3468,82,8
2028,67,8
1249,82,10
3898,86,4
1720,85,3
3053,29,5
2937,43,9
567,15,4
2129,72,5
4524,63,6
1875,54,4
2758,87,2
2133,86,10
919,77,4
4221,31,4
3132,64,3
3324,14,8
1117,17,5
3044,29,7
1335,8,3
2906,61,7
3093,95,2
4179,7,1
4031,39,10
4592,50,9
4709,28,4
4402,37,7
3063,32,8
849,99,8
2334,96,10
4281,98,8
412,48,10
2354,86,9
1216,56,3
1930,17,2
136,2,6
2235,7,6
1771,27,7
1085,59,8
233,34,8
1461,97,4
4602,4,2
2454,59,8
3847,32,6
2952,19,9
2158,27,1
573,73,2
1758,5,10
4643,76,7
2633,66,4
558,95,5
1181,2,3
1788,51,10
4458,77,2
3967,5,6
4666,80,5
2144,37,5
4989,91,3
3155,87,7
2938,89,4
2843,55,1
2091,27,6
3461,15,4
1106,33,8
2662,53,7
869,86,7
1931,45,6
3281,18,9
3896,62,6
3112,70,3
1518,23,2
4182,97,6
1639,41,8
3291,45,8
4861,12,4
4791,17,7
746,25,9
4499,57,8
3109,14,6
787,61,1
235,46,9
826,75,3
607,35,5
4024,42,2
2640,43,2
941,75,3
4186,17,2
436,14,4
3729,8,5
655,20,7
4674,61,7
619,56,2
2700,73,7
2030,34,2
621,99,5
3098,42,5
4691,56,8
237,40,7
2634,33,10
2170,2,6
1412,40,10
3579,40,9
130,65,3
1724,43,6
639,48,9
163,61,6
2815,49,2
4168,40,4
1350,17,4
3000,48,4
1862,80,1
673,67,7
3067,59,4
4890,31,4
3467,60,4
3598,20,9
2620,30,3
3290,45,7
3094,58,9
1060,20,9
4242,20,6
946,79,10
3038,64,2
3533,44,8
3337,60,3
484,96,8
900,1,1
1674,42,2
2289,100,2
837,68,4
2211,29,5
638,61,7
1876,15,7
1994,35,3
3397,91,6
2880,5,1
4373,53,8
4679,35,8
436,39,7
2638,12,6
327,21,5
709,68,3
3946,7,4
2992,67,1
4827,98,5
1815,70,9
1575,88,10
1276,45,4
251,88,4
496,76,9
4213,94,3
1830,84,8
4616,57,3
4381,43,3
2540,2,3
176,60,7
4756,75,7
2539,43,2
3830,6,2
811,25,2
3691,28,1
985,14,6
3848,76,2
3369,48,5
4595,72,4
4243,16,7
3148,85,6
4654,87,4
2724,12,6
3616,16,6
505,97,1
4836,21,7
3610,89,9
3024,25,8
2941,37,5
2875,78,4
476,52,10
2937,27,2
1932,47,3
1900,20,1
894,5,8
126,83,7
4631,87,1
4146,12,4
4426,34,9
4729,89,8
1269,79,6
958,35,6
876,15,10
2307,13,5
900,92,2
1736,63,10
2771,50,5
891,80,6
323,20,6
2064,74,9
1425,38,4
4733,17,1
4151,56,4
1283,36,1
2027,35,1
1460,24,4
4263,85,7
2807,90,1
1672,80,9
3183,33,5
624,38,5
3906,13,8
1322,1,8
3108,40,9
3386,10,3
1055,41,7
685,68,7
1008,52,6
1086,14,8
196,67,2
2965,8,4
4530,98,5
1560,12,8
816,60,8
912,37,2
4554,69,8
994,64,3
50,86,8
4416,89,2
2001,53,5
4341,93,1
1883,48,6
2106,22,3
420,10,7
1614,86,10
1207,81,8
4023,23,4
1161,86,7
2865,79,3
2468,6,3
4400,54,8
929,65,7
591,25,4
3083,49,9
1284,6,5
1150,42,5
4591,36,7
3826,45,1
3408,63,2
952,50,8
1801,45,10
1955,22,1
4231,2,9
2628,37,5
1290,11,2
4702,47,8
234,21,2
4460,78,9
3850,12,4
3654,64,9
1784,12,3
3064,34,6
3463,70,8
1532,24,9
2723,61,8
4008,82,2
4316,23,1
1597,84,2
2776,97,10
2127,51,6
1983,9,10
1370,39,4
1029,89,5
243,14,10
1045,54,7
1350,11,9
3051,41,1
1171,10,7
1983,100,4
4839,77,6
4958,60,7
3097,4,8
33,75,10
370,72,10
4713,42,5
3647,81,10
2359,39,10
3877,67,1
1699,88,7
2807,62,4
2171,56,6
3579,68,6
2037,88,5
3312,24,6
2384,57,4
4292,42,9
2403,94,6
1726,26,9
2035,2,9
1098,44,4
3196,20,8
3692,42,10
4456,6,5
231,78,1
3640,44,9
2157,29,4
3993,31,2
2487,56,7
3093,66,10
146,69,8
3008,3,9
1104,26,4
3914,4,9
4773,16,10
454,10,5
2191,37,3
2614,18,1
1531,38,10
923,5,5
675,56,4
2543,39,5
1687,42,10
2924,12,5
1174,22,7
3864,94,1
1893,25,10
1064,46,1
3661,56,9
1765,1,9
2998,60,3
2031,1,1
210,95,6
624,83,6
2841,37,2
548,47,6
3456,36,2
2677,59,6
2357,86,3
3673,43,9
4853,2,6
944,98,2
1130,7,6
2279,66,6
3848,27,3
3211,83,6
3679,8,7
3495,7,8
236,71,2
1933,49,2
3540,48,10
2490,5,9
1939,10,6
4611,95,6
1475,1,6
2094,7,2
2412,77,5
3277,64,6
4115,42,9
3346,90,1
4198,64,3
4395,70,8
2254,12,8
2992,96,6
238,71,1
589,6,2
4885,66,10
2643,4,7
703,64,1
1251,8,1
351,62,9
1970,50,2
1963,20,9
1233,55,1
1531,59,4
1525,92,5
3053,23,6
475,43,2
3476,57,7
2543,86,2
557,23,3
3740,52,9
579,47,10
1125,77,6
2904,93,1
3192,56,1
3760,17,10
3604,41,2
2351,29,6
1987,54,7
4647,68,3
215,63,9
2542,69,3
4322,63,8
3991,15,5
4665,100,10
3394,69,6
3584,77,9
4519,21,2
4033,82,2
2615,18,8
44,75,1
1603,16,9
4649,40,10
4698,74,6
1587,77,10
3416,49,10
1945,43,4
2820,75,1
542,92,8
3542,68,7
673,58,2
1584,19,2
332,44,4
3304,58,8
2849,39,9
1488,41,5
4089,53,8
1972,89,6
3364,86,2
1345,49,7
1516,92,5
568,46,10
2446,76,5
3331,97,4
2304,14,4
2901,58,1
4694,69,9
2974,82,1
3649,33,8
1260,100,9
774,5,9
1503,87,7
1598,46,9
1157,42,9
2031,71,10
868,85,1
610,67,1
728,79,7
40,35,9
4844,48,5
3561,12,5
189,63,10
4723,7,5
657,14,6
4228,31,1
1097,38,9
1854,24,5
4485,78,10
2668,95,8
1945,96,3
3942,55,9
3432,41,3
4627,17,4
1008,2,2
484,3,4
1721,55,1
2893,9,6
615,55,3
369,12,2
4271,33,9
2397,13,7
4566,59,9
1771,70,7
4517,98,5
3719,54,4
2672,37,5
4203,37,10
4143,59,5
3004,79,10
1908,98,5
3805,1,3
2417,36,2
4656,77,6
3626,99,9
3553,78,4
3628,14,10
2045,80,3
1329,95,9
1370,55,6
2597,78,10
843,5,2
453,29,10
1905,79,2
4987,12,9
68,5,4
1272,60,5
1644,2,10
1957,22,5
2664,89,2
3719,54,10
3813,98,4
926,28,10
4443,30,2
699,67,10
1801,49,3
4790,50,2
2939,71,8
171,91,6
570,24,10
4873,18,1
1293,39,5
1272,69,6
4651,86,5
2529,8,3
2114,36,2
4077,15,8
3079,51,8
3930,26,8
873,8,6
3875,78,6
2149,15,9
2175,44,5
1892,88,5
2685,1,2
3891,65,2
4656,85,5
4906,78,6
4349,24,3
1751,30,8
4020,87,7
4970,78,2
3898,55,10
272,60,9
3556,37,7
2283,83,4
140,5,3
47,9,3
3029,87,2
1932,60,2
4899,27,5
1584,25,8
1432,9,5
2664,14,4
2974,47,5
1858,47,8
3049,77,2
3880,88,5
4525,51,6
3106,89,4
1152,13,4
823,19,5
4222,45,5
3265,68,8
221,93,7
963,89,2
2504,79,7
731,3,3
2702,100,7
1145,63,2
692,58,5
1063,89,7
4342,97,5
3656,71,6
594,36,7
2482,39,1
2875,23,9
354,90,2
844,97,3
2535,18,1
1923,74,7
4206,33,2
1580,6,5
255,98,7
2270,57,3
1107,60,4
3685,98,9
2390,73,1
4250,96,9
