student_id,number
1,355.163.2271
2,033.114.9358
3,189.009.6371
4,(585) 300-0425
5,(689) 545-8353
6,1-211-914-7338
7,1-534-365-7578
8,1-705-141-7886
9,(731) 626-6918
10,+1-(135)-358-4926
11,(109) 756-5215
12,(360) 405-8676
13,641-415-2246
14,(171) 808-3624
15,(415) 984-2505
16,1-375-180-8083
17,213.075.3948
18,(202) 110-5414
19,(401) 655-9086
20,1-368-158-1633
21,1-252-769-8081
22,1-745-211-4286
23,047-224-1908
24,323.429.4229
25,265.922.0176
26,1-397-598-4249
27,664.557.5480
28,1-081-170-0003
29,572-254-4692
30,754-560-9224
31,(880) 858-5807
32,223-568-4155
33,507-467-0313
34,(513) 930-6432
35,837-579-3075
36,1-231-061-2467
37,746.784.7350
38,323-692-3181
39,(928) 811-4425
40,822-754-6555
41,1-992-790-3581
42,1-305-931-8511
43,(225) 666-9305
44,(619) 037-2128
45,957.503.9192
46,(435) 381-6619
47,1-464-507-5679
48,292.459.9297
49,294-874-8435
50,369.910.5966
51,095-861-1740
52,330-050-4871
53,1-172-937-7090
54,(227) 119-3551
55,468.707.5153
56,371.749.4351
57,(838) 586-5061
58,004.190.9383
59,1-195-076-0024
60,+1-(237)-856-4341
61,441-231-6342
62,033-477-3526
63,246-620-6691
64,+1-(474)-879-8986
65,208.486.6218
66,1-435-489-8356
67,756.746.5836
68,401-333-5794
69,005.889.7674
70,1-560-711-1216
71,476.141.0564
72,063-852-2690
73,1-979-130-4246
74,+1-(677)-634-3300
75,536-108-0096
76,1-931-642-5408
77,+1-(614)-265-4334
78,(918) 548-0040
79,305-094-9931
80,1-185-853-3274
81,+1-(418)-035-8246
82,484.771.1363
83,047-431-5843
84,+1-(649)-098-7174
85,1-194-877-8319
86,1-878-918-1720
87,200-442-9023
88,534.054.7096
89,960-238-3615
90,1-925-203-1012
91,(229) 710-6753
92,(852) 690-8668
93,(755) 732-0021
94,1-217-189-1369
95,+1-(938)-992-6526
96,(314) 700-4868
97,(800) 713-1941
98,(646) 685-0769
99,563.826.9747
100,159.372.7121
101,1-735-463-0466
102,282.349.8384
103,369-826-0697
104,+1-(261)-658-6467
105,+1-(939)-639-5640
106,135-038-4981
107,+1-(906)-192-4806
108,035.876.0585
109,+1-(114)-207-6336
110,701-526-1361
111,1-830-048-8182
112,(744) 575-3568
113,1-414-345-8203
114,1-517-760-1192
115,005-177-7759
116,786-033-5998
117,(373) 242-8486
118,1-564-525-0324
119,235.522.3852
120,(042) 362-0846
121,(308) 511-9843
122,(760) 826-8378
123,241-694-5853
124,+1-(982)-076-7705
125,1-407-369-2622
126,555.002.5021
127,(906) 232-5338
128,(342) 257-5236
129,(481) 902-2224
130,242-202-6314
131,(785) 138-0143
132,1-149-746-2669
133,099.208.0449
134,408-354-3995
135,018-144-2870
136,+1-(251)-747-3887
137,+1-(751)-579-0767
138,325-538-9195
139,(405) 155-6465
140,488-129-6543
141,1-199-674-9136
142,+1-(816)-363-5562
143,082-241-0538
144,(438) 046-8727
145,912.033.4302
146,306-127-4525
147,713.967.0758
148,(041) 018-4141
149,1-015-301-0905
150,1-245-850-9488
151,1-137-665-2368
152,1-566-807-9125
153,1-626-019-1745
154,001.648.8683
155,225.845.1452
156,547.500.4572
157,+1-(266)-368-2204
158,1-399-368-5280
159,+1-(898)-645-6681
160,(936) 867-6993
161,559.702.0891
162,834-004-3499
163,858-209-1507
164,1-554-993-3106
165,148-956-3565
166,(207) 161-6572
167,287-255-3164
168,960-424-3619
169,+1-(404)-997-3120
170,1-855-845-6300
171,(339) 520-2059
172,905.475.2676
173,197-051-7254
174,997-444-8658
175,300.299.7343
176,(028) 946-1825
177,791.684.6923
178,+1-(416)-849-4440
179,043-494-9427
180,836-782-0920
181,901-537-8593
182,350.807.4886
183,(234) 851-7874
184,1-307-287-5832
185,779-208-8920
186,+1-(485)-858-1647
187,905-404-4181
188,(410) 307-8728
189,1-753-796-5094
190,+1-(686)-136-0223
191,(267) 287-8036
192,(507) 222-3144
193,+1-(594)-135-2347
194,523-611-4312
195,(344) 247-0213
196,1-192-761-9579
197,248-307-0884
198,1-559-071-6035
199,477-869-0505
200,(257) 592-9229
201,616.306.4842
202,1-481-216-0636
203,(033) 235-8812
204,(284) 565-7340
205,(191) 127-9998
206,863-704-1045
207,664.686.8033
208,689.292.1412
209,702-671-3296
210,1-483-044-1064
211,(570) 674-3425
212,(530) 060-4062
213,(733) 598-0374
214,1-316-548-5098
215,264.681.5215
216,(942) 052-5348
217,(285) 823-8718
218,193.076.3463
219,+1-(801)-855-8475
220,+1-(917)-323-0092
221,174-527-8391
222,1-274-712-9045
223,1-324-387-8587
224,782.449.4403
225,+1-(391)-001-1198
226,380.799.5618
227,884-218-7167
228,1-490-914-7638
229,+1-(291)-966-7566
230,(888) 136-6741
231,1-508-527-2499
232,(802) 101-4132
233,(709) 353-9685
234,225.167.3112
235,149-338-8057
236,500.760.8390
237,+1-(399)-596-3715
238,184-060-2710
239,068-938-9658
240,(108) 025-9033
241,1-791-144-5621
242,791-000-4478
243,1-480-020-9603
244,(656) 907-6959
245,180.061.6428
246,832-375-2403
247,(126) 152-2499
248,811-599-8795
249,(294) 222-3891
250,(835) 092-7015
251,777.853.1870
252,195.463.1939
253,818-344-8890
254,1-147-306-4090
255,(301) 666-0455
256,105.448.6571
257,+1-(406)-019-4005
258,1-804-805-8506
259,101-740-5236
260,494.494.6211
261,(897) 311-5732
262,(958) 189-0409
263,+1-(892)-297-7574
264,897.122.8501
265,(892) 862-6259
266,1-207-221-9931
267,+1-(107)-769-3922
268,400-159-3699
269,030.933.0947
270,633-319-4594
271,833.699.2888
272,+1-(172)-072-8591
273,471-000-4813
274,930-629-9510
275,(270) 187-8233
276,338.885.9108
277,1-203-683-9010
278,052-464-2483
279,770.453.6880
280,(937) 445-9157
281,(062) 141-4916
282,1-396-744-3036
283,260-878-7645
284,370.723.7152
285,211.293.7682
286,980-436-2841
287,399-298-8265
288,+1-(342)-468-6704
289,(744) 176-2343
290,702-323-4283
291,1-369-218-6284
292,075-708-2450
293,+1-(306)-641-3138
294,(180) 551-6413
295,(624) 466-7559
296,(275) 668-1168
297,972.706.5088
298,+1-(685)-336-6215
299,1-435-098-0448
300,232.298.1847
301,1-682-874-8059
302,069-301-6388
303,962-764-3085
304,+1-(828)-055-3528
305,423-849-2084
306,524-779-1149
307,1-682-542-8217
308,167.820.9056
309,080-399-6527
310,(253) 135-0884
311,094-961-8049
312,879-567-7670
313,(601) 863-0437
314,1-215-047-7249
315,1-886-531-3623
316,(097) 075-5840
317,478-530-1189
318,724.558.9935
319,661.192.4753
320,1-667-543-2104
321,136.830.6700
322,(989) 307-3438
323,767-125-8075
324,(124) 081-3442
325,+1-(679)-796-2614
326,+1-(603)-479-9544
327,(902) 318-6292
328,463.525.0103
329,245.456.9860
330,624-306-6921
331,1-873-141-4058
332,+1-(345)-803-3368
333,255-895-0807
334,(376) 607-5661
335,+1-(278)-759-6275
336,(861) 384-1377
337,1-734-212-5098
338,412-236-6397
339,(649) 097-1128
340,(919) 696-3065
341,992-450-7812
342,187.185.7880
343,1-050-054-4369
344,1-061-147-2528
345,1-430-166-0891
346,848-861-0006
347,1-141-457-4185
348,380-973-2903
349,+1-(722)-449-8224
350,851-841-7455
351,(735) 307-4260
352,(933) 709-9783
353,(326) 920-8855
354,(705) 793-7856
355,1-345-548-1666
356,645-711-3305
357,792-448-0330
358,(145) 990-3372
359,(077) 636-9363
360,1-725-457-8024
361,(523) 172-9361
362,971.743.4909
363,833-675-1030
364,(943) 251-7342
365,1-140-267-4490
366,413.778.8908
367,219.671.4459
368,671.965.6623
369,1-712-133-0254
370,381-374-4276
371,037-469-7196
372,1-854-645-5822
373,(424) 065-7478
374,673-508-5855
375,1-928-336-1855
376,916-477-6287
377,804.895.5784
378,(646) 221-9709
379,483.134.0379
380,649.413.8053
381,1-629-726-9309
382,1-665-229-9450
383,314-109-0923
384,+1-(051)-688-2284
385,+1-(246)-346-2762
386,(196) 380-0328
387,(212) 651-1221
388,749-377-9709
389,858.626.0723
390,663.275.3145
391,1-839-334-4095
392,929-172-6887
393,(819) 209-1184
394,670-632-6353
395,979.670.8902
396,387.073.5902
397,1-731-473-7713
398,(836) 274-9694
399,824-851-9333
400,(470) 223-5244
401,1-763-049-4836
402,663-924-5373
403,+1-(400)-382-2282
404,(190) 775-7361
405,688.634.7298
406,926.318.2475
407,+1-(207)-812-2099
408,1-648-849-4969
409,972-647-3884
410,494.564.5917
411,1-357-771-4108
412,1-153-166-1020
413,931-751-5913
414,1-432-985-5753
415,514-030-3228
416,+1-(893)-135-7864
417,+1-(964)-162-5668
418,123-309-0336
419,072-608-9926
420,(635) 026-9692
421,962.845.7926
422,1-404-326-3786
423,202.380.1909
424,1-563-722-8466
425,527.026.3229
426,852-785-9417
427,(832) 003-2756
428,991-594-7887
429,185-761-5987
430,1-061-604-4811
431,1-530-414-8739
432,(460) 021-8190
433,1-804-572-9503
434,874.184.9454
435,832.774.4811
436,174-657-0690
437,908-963-8545
438,1-196-697-1679
439,112-057-6830
440,712-427-6311
441,+1-(640)-727-8381
442,1-105-376-4957
443,849-571-6271
444,248.133.9529
445,+1-(096)-906-2815
446,326.699.5041
447,644.295.4010
448,(784) 931-9379
449,1-273-794-3046
450,1-126-487-1352
451,1-372-990-1912
452,507-707-1680
453,533-159-7408
454,206.491.2560
455,1-324-807-6948
456,(515) 101-2481
457,737.329.2832
458,915.635.1055
459,(235) 739-2189
460,571.456.5451
461,(282) 219-0991
462,1-530-907-7112
463,(534) 467-6095
464,1-709-509-6829
465,175.682.1429
466,(715) 126-5172
467,(139) 563-3969
468,+1-(948)-452-0959
469,+1-(637)-014-9094
470,021.346.9414
471,(187) 700-6355
472,758-009-3217
473,405-296-9927
474,1-371-220-3254
475,586.733.2640
476,752-963-9291
477,(562) 373-5425
478,+1-(028)-692-0959
479,+1-(031)-944-7503
480,(749) 584-8634
481,906.561.3005
482,1-579-597-2071
483,(725) 300-6171
484,845.245.4852
485,(959) 481-3368
486,389.159.1455
487,1-180-252-3539
488,938.240.1581
489,470.806.3785
490,+1-(295)-802-3512
491,(191) 199-4134
492,1-193-982-9282
493,197-094-1566
494,067-907-3351
495,(030) 322-7961
496,(012) 545-1547
497,(774) 428-6876
498,424.273.2465
499,1-596-075-5252
500,634.452.5218
501,(618) 790-3996
502,1-380-505-4107
503,1-097-747-5768
504,+1-(068)-110-0565
505,106.608.8432
506,571.953.6440
507,(712) 665-7345
508,496-606-3226
509,+1-(141)-975-6759
510,081.709.8574
511,1-677-597-9633
512,095.604.5744
513,1-713-114-6377
514,(341) 659-6120
515,1-760-732-2381
516,258-872-7634
517,941-910-9770
518,841.881.5167
519,959.708.7313
520,073-046-3974
521,1-026-899-2769
522,(940) 726-0802
523,457-377-4032
524,267.861.7777
525,003-604-9132
526,(622) 888-5659
527,518-963-7862
528,(252) 842-5798
529,+1-(807)-923-3622
530,(893) 338-8975
531,(963) 971-1961
532,771-751-6157
533,1-394-121-3913
534,+1-(884)-862-1852
535,289-294-9585
536,135-345-8225
537,649-096-5292
538,(974) 245-1068
539,937-448-8162
540,235.148.1167
541,(140) 627-0691
542,111-400-4500
543,(599) 075-8835
544,1-577-885-3188
545,1-927-441-3252
546,694-889-7216
547,221.333.6519
548,1-309-820-1062
549,(223) 776-2343
550,737.983.0956
551,(731) 908-3664
552,983.516.3610
553,578-792-9722
554,(457) 358-5443
555,1-070-747-8619
556,401-825-2218
557,+1-(397)-209-3183
558,587.632.3287
559,1-710-369-1203
560,1-480-378-4762
561,(619) 243-2207
562,910.753.4757
563,1-834-756-8715
564,934-998-7680
565,182-092-8756
566,1-696-179-3336
567,+1-(366)-431-1588
568,1-656-736-1007
569,356-546-0594
570,1-210-519-1593
571,141.121.7568
572,(152) 607-2969
573,110-974-4845
574,(184) 591-2665
575,223.345.3755
576,1-460-636-3749
577,1-929-436-9935
578,645.019.7952
579,(463) 378-2114
580,(550) 506-0853
581,(539) 511-9036
582,426-019-1800
583,075.459.1537
584,(909) 692-9627
585,+1-(693)-133-2960
586,796-573-3272
587,1-457-851-9141
588,576-281-7676
589,1-334-672-4390
590,952.509.6636
591,195.653.4303
592,1-896-876-7936
593,1-224-791-3312
594,1-249-631-4082
595,450.725.6372
596,1-113-285-5862
597,1-569-626-5500
598,(342) 974-4873
599,1-688-834-4218
600,(646) 186-1980
601,1-433-425-3791
602,1-261-410-7466
603,(166) 098-9665
604,723-340-7205
605,291-424-6823
606,846-297-6819
607,+1-(765)-636-3941
608,1-403-973-6434
609,1-198-473-4707
610,1-550-437-6639
611,1-333-860-9964
612,697-435-7624
613,374-579-1193
614,274.375.2111
615,533.542.3232
616,1-765-700-2919
617,721-197-5278
618,1-438-600-3992
619,179-962-1955
620,1-357-209-0496
621,(680) 687-0105
622,1-036-790-1129
623,149.354.0207
624,754.168.5884
625,272.023.6414
626,+1-(868)-208-1765
627,1-020-793-9884
628,397.719.0860
629,741.188.3488
630,(160) 917-4898
631,+1-(569)-388-4179
632,(167) 668-5937
633,+1-(287)-326-0916
634,(237) 989-9144
635,948-325-2280
636,(050) 862-7062
637,1-342-282-7473
638,705-706-7485
639,392-410-9769
640,292-996-5633
641,796.822.6578
642,(636) 234-7388
643,1-217-116-5392
644,1-774-900-3544
645,403.176.8903
646,1-060-482-0380
647,(567) 421-9391
648,+1-(683)-536-3904
649,699.074.4699
650,(124) 240-1680
651,(927) 992-9525
652,1-302-132-1726
653,031-740-2014
654,967-767-7385
655,(080) 197-9337
656,1-504-732-6646
657,484.292.5769
658,+1-(313)-160-0290
659,792.264.3156
660,(201) 420-4668
661,1-244-262-1043
662,826.457.4060
663,(661) 062-4647
664,373-355-0691
665,539-398-5690
666,841-897-0191
667,1-882-732-9447
668,(415) 960-3856
669,859-652-9790
670,1-629-696-5357
671,726-347-3952
672,227.012.8221
673,(416) 836-3396
674,980.148.7869
675,499.256.4546
676,328-353-3215
677,972.854.0704
678,764.544.6019
679,(134) 571-1146
680,668-045-3555
681,079-345-7278
682,880-532-7777
683,042.146.1639
684,1-210-503-4005
685,(978) 043-7601
686,1-355-831-1155
687,822-927-6016
688,937.776.6063
689,386.814.4377
690,781-180-9673
691,1-723-404-2738
692,+1-(540)-089-6695
693,1-770-934-5701
694,603-592-2651
695,+1-(829)-035-0005
696,171.023.9701
697,806.839.3079
698,094.881.4193
699,(543) 885-1873
700,688-152-3840
701,(473) 237-6866
702,1-655-912-3618
703,943-725-6632
704,+1-(997)-382-8009
705,+1-(060)-213-7395
706,(325) 510-4802
707,1-612-286-3944
708,+1-(148)-380-7438
709,+1-(371)-628-8210
710,1-206-388-9021
711,992.802.8480
712,(328) 440-3419
713,1-640-577-9042
714,1-927-164-4546
715,1-176-520-6909
716,991-840-8992
717,1-176-010-7494
718,772-870-1375
719,835.046.9586
720,138-778-0749
721,597-834-6017
722,471.671.7564
723,535.592.3060
724,976-946-0923
725,(991) 173-0035
726,971.446.1447
727,(396) 339-0761
728,1-728-524-7634
729,036-529-3230
730,772.537.2666
731,494-473-6695
732,+1-(085)-644-7582
733,1-231-312-0805
734,481.058.9862
735,434.120.6038
736,+1-(682)-843-0563
737,297.715.8487
738,1-731-028-7888
739,696-446-3611
740,(236) 031-6922
741,1-508-841-9315
742,088.520.8261
743,(963) 445-6013
744,1-971-059-3280
745,161.678.6513
746,(424) 028-9972
747,(300) 255-0756
748,(876) 784-8062
749,763.248.4157
750,1-846-655-7570
751,1-256-641-5343
752,163-038-5589
753,984.590.7241
754,1-258-469-7713
755,155.140.7803
756,602.426.8599
757,1-660-512-2679
758,869-169-8962
759,463-070-2370
760,174.478.0112
761,+1-(431)-757-6874
762,364.408.2747
763,(991) 791-9616
764,1-349-672-1864
765,(879) 461-2587
766,(184) 652-8352
767,1-581-490-6440
768,271.025.0736
769,452-846-1219
770,(895) 832-1878
771,110.379.9674
772,532.200.1442
773,1-208-383-1787
774,546-956-6561
775,(731) 125-7353
776,432-623-8189
777,576.479.9849
778,125.507.1139
779,+1-(327)-532-0140
780,105.908.8676
781,1-729-903-4269
782,1-052-666-7426
783,571-788-3576
784,1-955-760-6010
785,043-183-8541
786,046-273-8567
787,(459) 861-3413
788,+1-(790)-500-4927
789,183.476.9811
790,1-353-242-2100
791,354.244.2459
792,(020) 679-1463
793,+1-(586)-086-6103
794,657-970-3389
795,(585) 591-8771
796,1-108-277-8296
797,1-540-174-6163
798,+1-(118)-596-0169
799,+1-(084)-344-1333
800,(553) 080-8268
801,749-554-8839
802,1-273-812-1318
803,1-150-932-2063
804,(654) 302-7904
805,1-955-147-8801
806,(574) 948-2601
807,1-883-040-0793
808,(569) 908-1069
809,965-119-9395
810,824-349-0767
811,1-387-394-8925
812,(188) 630-5813
813,369-303-6203
814,454-287-7940
815,1-099-961-0521
816,471-098-0304
817,1-484-781-1491
818,343.453.0086
819,(119) 928-9509
820,(806) 128-5268
821,+1-(264)-573-1230
822,(240) 741-9172
823,(829) 871-2645
824,1-953-095-3660
825,1-034-267-2221
826,1-957-417-6806
827,(814) 036-6084
828,(019) 641-5529
829,1-254-546-4286
830,530-516-2038
831,784.767.3139
832,(909) 706-2928
833,(290) 857-7720
834,1-814-671-1674
835,1-108-781-2115
836,1-859-752-0895
837,861-415-9029
838,101-534-3774
839,952.898.5051
840,(626) 245-8697
841,686-118-3703
842,(756) 231-6310
843,647.020.1026
844,+1-(113)-133-6152
845,1-020-750-4981
846,237-022-0653
847,+1-(855)-004-2594
848,+1-(005)-602-1016
849,1-370-783-9225
850,1-586-309-9545
851,063.389.4477
852,442-597-9212
853,(819) 859-8058
854,204-537-7914
855,(076) 968-5341
856,621.466.3647
857,391.650.7861
858,717-877-8614
859,(361) 601-6877
860,1-133-322-0250
861,+1-(598)-796-5390
862,145-793-5997
863,661.755.5124
864,(912) 473-8704
865,850-875-9173
866,402.976.4502
867,1-800-492-7615
868,706-288-5542
869,1-933-040-7073
870,168-798-3681
871,(659) 157-9442
872,044-158-0074
873,(477) 235-7386
874,+1-(517)-848-3164
875,791-148-2790
876,805-534-4845
877,313-927-5207
878,(175) 921-3499
879,(113) 058-6482
880,+1-(966)-727-1445
881,010-072-9674
882,1-440-170-4208
883,775-361-9100
884,(538) 467-4511
885,(349) 997-6665
886,603.513.8773
887,1-912-883-7099
888,(825) 904-9182
889,(834) 856-8302
890,389-213-1971
891,(020) 704-5376
892,071-970-8593
893,(522) 101-3043
894,(676) 371-0036
895,1-577-049-5255
896,+1-(771)-034-5852
897,058-425-4515
898,(274) 515-7368
899,943.816.3365
900,506-167-4635
901,763.095.5021
902,442-080-7859
903,553-365-8853
904,1-280-192-7587
905,757.680.0509
906,1-086-056-9617
907,1-774-970-6762
908,144-691-9860
909,565-117-6851
910,+1-(592)-900-4893
911,386.622.2470
912,(674) 555-0540
913,+1-(882)-249-2573
914,865-536-4513
915,(232) 926-4915
916,822.014.0411
917,1-123-721-5678
918,(939) 926-5324
919,+1-(922)-350-5665
920,+1-(391)-952-1297
921,+1-(691)-651-9561
922,(697) 709-9285
923,+1-(312)-071-6244
924,1-461-804-1584
925,(164) 385-1898
926,816-744-1088
927,869-619-1804
928,725-749-3512
929,597.011.3685
930,(565) 429-1042
931,(830) 547-8282
932,(425) 962-8894
933,1-911-817-8659
934,1-861-736-2440
935,(173) 602-8205
936,+1-(955)-233-1500
937,1-040-337-8850
938,084-800-0764
939,432-465-5496
940,609.461.5756
941,+1-(879)-290-4006
942,(895) 362-3836
943,+1-(465)-382-2793
944,1-066-132-3970
945,518.308.5872
946,963-992-6484
947,(022) 935-2095
948,1-916-803-6548
949,003-352-3048
950,(804) 647-7890
951,154.712.6709
952,903-273-7593
953,+1-(869)-674-2280
954,1-147-380-1069
955,1-864-888-5540
956,936.408.7839
957,217-252-1469
958,1-440-170-5196
959,(232) 649-2260
960,1-161-195-2052
961,1-974-435-1949
962,(071) 288-1272
963,+1-(926)-906-2738
964,290.914.3330
965,242-722-5393
966,551-566-2426
967,577.869.1383
968,+1-(808)-466-8105
969,746.314.6545
970,326.166.8800
971,386-683-0069
972,+1-(131)-455-7397
973,333.924.8861
974,(268) 018-7820
975,1-433-816-5347
976,1-351-132-8663
977,1-690-032-2453
978,630-085-1538
979,1-340-943-7641
980,058.093.0666
981,984-810-8883
982,(336) 310-4635
983,105.102.1365
984,903.612.4476
985,1-936-369-8555
986,(888) 626-8087
987,(940) 203-8506
988,1-695-342-2931
989,1-053-702-9920
990,1-704-386-2966
991,1-672-354-7244
992,(686) 295-4544
993,+1-(807)-087-0301
994,1-372-205-3738
995,747-164-1564
996,850-451-5551
997,171-112-0527
998,260-664-2566
999,555-259-3642
1000,852.009.0872
1001,(436) 817-1468
1002,(962) 047-5505
1003,1-902-151-2276
1004,1-263-174-8815
1005,1-073-127-5053
1006,+1-(489)-405-7084
1007,717.900.1012
1008,1-612-501-1263
1009,(848) 581-7058
1010,+1-(233)-369-7789
1011,+1-(612)-100-3653
1012,+1-(767)-289-6802
1013,+1-(161)-924-8830
1014,850.802.1150
1015,1-158-455-6098
1016,575.036.4497
1017,077.393.5699
1018,342.118.4717
1019,(144) 771-1008
1020,1-398-802-6102
1021,1-603-693-8002
1022,936.065.1505
1023,260-750-1686
1024,913.129.0387
1025,+1-(997)-679-1356
1026,669-862-1466
1027,+1-(278)-572-6048
1028,878-561-5730
1029,870-839-8248
1030,(779) 504-0913
1031,+1-(071)-408-8938
1032,(457) 031-6531
1033,1-275-682-6861
1034,(831) 465-7848
1035,478.798.7092
1036,971.298.1869
1037,1-732-523-7060
1038,767-631-0771
1039,224-600-5571
1040,1-774-129-8919
1041,(300) 289-0700
1042,1-692-470-6529
1043,(245) 123-8493
1044,1-900-567-4460
1045,+1-(339)-930-1931
1046,101.581.6906
1047,607-150-3827
1048,064.993.8219
1049,1-919-915-9228
1050,1-096-713-6204
1051,951.694.7988
1052,427-480-2467
1053,1-778-783-1737
1054,(330) 858-4440
1055,(966) 213-4927
1056,438-274-1295
1057,1-351-199-8228
1058,1-468-290-9975
1059,1-699-198-8041
1060,1-959-721-9464
1061,984-473-8348
1062,1-936-192-1099
1063,(726) 690-0757
1064,1-720-292-8670
1065,(055) 756-2302
1066,1-666-125-9155
1067,259-336-5184
1068,411.627.3012
1069,+1-(692)-684-5567
1070,(233) 040-3565
1071,(741) 030-8456
1072,+1-(733)-643-4068
1073,+1-(475)-020-7928
1074,1-661-936-1803
1075,+1-(823)-608-7721
1076,+1-(092)-086-5597
1077,+1-(559)-507-9174
1078,(600) 316-4715
1079,+1-(752)-389-3477
1080,1-586-221-1022
1081,1-834-417-6515
1082,1-671-463-0969
1083,+1-(801)-361-7465
1084,992-158-3114
1085,1-011-000-7124
1086,1-775-689-8062
1087,654.353.9202
1088,1-487-151-9452
1089,1-129-662-1673
1090,695-081-7472
1091,797-431-5938
1092,153.656.8936
1093,(872) 286-9548
1094,978.409.8458
1095,250.838.1932
1096,(924) 568-4785
1097,(767) 889-5319
1098,447.047.5517
1099,(401) 217-0112
1100,554.349.2915
1101,1-089-089-1190
1102,429.518.3217
1103,1-356-390-5965
1104,093.764.4211
1105,+1-(670)-257-6795
1106,667.987.8327
1107,(917) 979-0879
1108,1-620-845-1633
1109,(317) 286-9456
1110,(060) 442-7090
1111,684-528-7238
1112,854-245-1010
1113,1-672-140-8843
1114,1-375-962-7309
1115,260-501-1373
1116,+1-(463)-551-1554
1117,+1-(062)-241-1788
1118,1-152-739-5162
1119,1-626-809-2424
1120,998.215.7671
1121,1-005-038-3641
1122,1-507-083-8700
1123,(191) 833-9861
1124,1-652-896-8975
1125,137-250-3441
1126,(677) 104-7482
1127,1-526-802-0110
1128,(093) 962-9326
1129,(309) 829-9991
1130,(993) 695-6501
1131,313.106.8664
1132,(800) 281-6129
1133,734.128.3806
1134,1-234-197-4790
1135,(556) 521-0820
1136,(640) 651-5140
1137,(085) 822-3410
1138,1-254-672-4726
1139,1-841-123-9507
1140,967.996.5828
1141,(734) 479-4313
1142,1-266-045-1936
1143,(428) 496-1250
1144,(169) 816-8792
1145,1-246-472-2367
1146,(889) 529-1842
1147,884.244.0406
1148,1-321-649-3502
1149,1-236-604-7290
1150,+1-(109)-671-8058
1151,071.891.6584
1152,173-893-9172
1153,916-091-2004
1154,1-737-235-8537
1155,1-759-627-8237
1156,837.319.3972
1157,110.366.2361
1158,507.685.1570
1159,+1-(118)-479-9042
1160,996.817.0789
1161,+1-(645)-625-9590
1162,177-402-2385
1163,561.003.8148
1164,1-347-786-1664
1165,357.509.3237
1166,715.554.8942
1167,(369) 916-2902
1168,049.740.2197
1169,1-265-607-7908
1170,453.490.1013
1171,1-736-324-6676
1172,446.056.6431
1173,1-742-787-8029
1174,(984) 581-1935
1175,379.444.7890
1176,341-874-9345
1177,530-098-9936
1178,+1-(542)-171-7622
1179,(137) 158-7706
1180,581.955.2493
1181,097.244.7786
1182,(181) 570-1070
1183,1-920-948-2276
1184,+1-(815)-832-2196
1185,828-028-9690
1186,+1-(411)-977-7285
1187,(167) 202-0120
1188,1-644-890-1394
1189,1-912-511-3122
1190,396-415-4575
1191,565.827.5051
1192,1-320-951-4682
1193,(619) 342-1711
1194,(161) 238-9988
1195,+1-(992)-210-6223
1196,(567) 944-1932
1197,1-129-716-7327
1198,1-033-793-2484
1199,(806) 018-1653
1200,707-283-2827
1201,764-188-2892
1202,1-280-514-1567
1203,+1-(163)-252-7335
1204,(088) 781-0542
1205,(777) 672-8287
1206,1-472-286-9849
1207,905-163-1553
1208,1-074-557-5164
1209,085-313-1691
1210,+1-(907)-787-1185
1211,(126) 816-5518
1212,1-527-211-9681
1213,214.992.1797
1214,701-157-7123
1215,(770) 690-2099
1216,902.043.7634
1217,1-742-447-9900
1218,1-117-187-2755
1219,(552) 184-4129
1220,282-065-6776
1221,1-343-914-8636
1222,174-379-7241
1223,(497) 569-3330
1224,462-526-6710
1225,1-842-016-2979
1226,1-430-058-9793
1227,(570) 799-3067
1228,1-572-261-7416
1229,1-333-898-7323
1230,+1-(923)-002-7062
1231,186-582-7863
1232,144-104-9250
1233,1-738-662-4563
1234,443.439.5676
1235,+1-(292)-598-9636
1236,522-516-6704
1237,1-815-688-7829
1238,1-624-443-7880
1239,896.606.4101
1240,1-981-411-0818
1241,912-368-3537
1242,799-940-6579
1243,(396) 170-7035
1244,(285) 340-4295
1245,+1-(391)-987-0106
1246,382.101.1318
1247,+1-(533)-595-3297
1248,300.009.7942
1249,1-448-542-3676
1250,784-601-9462
1251,457.577.5717
1252,111.630.9538
1253,+1-(858)-047-1404
1254,1-662-900-9352
1255,+1-(265)-984-4207
1256,581.554.1333
1257,(002) 060-6588
1258,+1-(477)-823-9545
1259,(725) 638-9345
1260,1-569-935-7374
1261,794-346-1772
1262,1-132-097-7667
1263,+1-(453)-755-0147
1264,+1-(708)-109-5008
1265,1-481-612-5896
1266,+1-(184)-485-5922
1267,691-368-2541
1268,1-210-733-9146
1269,(015) 597-5410
1270,(247) 499-4723
1271,+1-(993)-010-3138
1272,1-722-890-9808
1273,812.403.8491
1274,428-307-0328
1275,(088) 737-9956
1276,(075) 796-3785
1277,1-225-705-7767
1278,(398) 576-1881
1279,1-620-248-5830
1280,(933) 685-3538
1281,642.360.1307
1282,248-124-3699
1283,(517) 071-9014
1284,(411) 119-8011
1285,(394) 305-4082
1286,132-997-6083
1287,+1-(342)-890-4352
1288,1-557-344-3953
1289,1-897-993-8873
1290,(004) 477-5074
1291,(865) 505-9811
1292,1-289-635-8800
1293,(580) 242-4428
1294,674-964-9616
1295,1-077-558-0655
1296,918-792-7788
1297,1-232-382-0938
1298,070.361.4397
1299,1-648-403-9065
1300,(858) 158-2159
1301,802-107-6314
1302,+1-(232)-332-2494
1303,279.692.0959
1304,(741) 067-3459
1305,782-004-1964
1306,(022) 716-2023
1307,+1-(079)-420-4058
1308,084.806.6517
1309,814.829.0053
1310,1-841-962-2335
1311,(582) 718-9356
1312,1-960-619-6399
1313,+1-(019)-524-1474
1314,743.901.3816
1315,360-140-3041
1316,1-757-071-1363
1317,(429) 302-2537
1318,437-643-8470
1319,246-648-1668
1320,567.853.2293
1321,965-147-2318
1322,+1-(039)-104-9297
1323,1-621-434-2397
1324,(741) 981-9810
1325,184-178-9379
1326,1-109-413-8794
1327,570.968.0703
1328,1-460-163-7303
1329,+1-(672)-911-9969
1330,750-144-1326
1331,1-502-410-1410
1332,(594) 266-0575
1333,1-300-187-0973
1334,655.403.2065
1335,(000) 263-4753
1336,474-472-2152
1337,1-216-753-6143
1338,(996) 858-2857
1339,003-981-2911
1340,+1-(767)-754-6633
1341,(155) 316-9905
1342,(074) 918-9299
1343,(406) 570-8373
1344,974-470-7700
1345,1-832-019-9335
1346,(723) 877-3564
1347,(604) 017-4138
1348,1-326-231-4661
1349,975.407.4694
1350,085.546.0823
1351,117-612-3157
1352,096.831.1821
1353,+1-(250)-289-5450
1354,058-240-8670
1355,1-241-681-9478
1356,(307) 765-5134
1357,002.552.2944
1358,(003) 449-4558
1359,207-699-9339
1360,041-576-4780
1361,509-664-9722
1362,1-104-116-5807
1363,(585) 288-6854
1364,095.725.9935
1365,+1-(241)-638-3136
1366,858-612-8820
1367,300.722.6375
1368,(500) 993-3174
1369,1-520-919-4092
1370,(477) 947-1673
1371,1-900-913-4159
1372,(190) 590-2554
1373,1-253-191-4390
1374,(264) 538-2760
1375,+1-(265)-338-7899
1376,(604) 685-4858
1377,1-785-628-2531
1378,1-463-362-6369
1379,+1-(109)-737-2631
1380,446.401.1687
1381,560.738.8950
1382,564.046.2517
1383,(115) 208-7161
1384,443-620-0134
1385,(952) 712-0757
1386,167-668-2019
1387,099.110.5355
1388,725-903-2069
1389,846.370.7273
1390,717.137.2887
1391,(425) 616-8918
1392,232.563.8924
1393,(869) 676-0758
1394,(641) 334-3666
1395,(531) 582-6736
1396,+1-(122)-665-8276
1397,(261) 510-6147
1398,703-760-0151
1399,1-951-632-7709
1400,(640) 153-9890
1401,(380) 299-3347
1402,1-312-714-0293
1403,(681) 330-5072
1404,020-975-8328
1405,(740) 617-3333
1406,+1-(389)-916-5902
1407,841-122-0061
1408,1-176-875-4313
1409,605.778.0790
1410,(872) 549-8413
1411,1-927-621-0566
1412,1-696-808-9199
1413,980-089-3425
1414,726-009-2573
1415,494.188.8069
1416,(368) 455-6394
1417,842.473.3051
1418,(423) 321-6040
1419,1-758-693-6792
1420,(256) 880-0548
1421,(085) 268-5651
1422,(046) 636-8149
1423,982-969-8603
1424,919.783.5138
1425,1-536-978-2989
1426,(382) 912-4975
1427,379-057-2927
1428,1-171-471-2524
1429,454.684.2859
1430,+1-(722)-445-8663
1431,1-010-055-0763
1432,(999) 093-4845
1433,431.779.0927
1434,1-775-518-0636
1435,+1-(604)-652-0293
1436,711.889.9571
1437,1-800-161-8627
1438,(057) 907-1046
1439,+1-(066)-841-7857
1440,(938) 814-5345
1441,836.795.9349
1442,+1-(724)-668-0457
1443,(356) 239-2175
1444,1-028-727-8142
1445,(815) 619-2044
1446,724-028-3712
1447,1-609-123-4617
1448,247-624-0460
1449,(922) 796-5032
1450,576.959.6029
1451,(225) 517-7030
1452,(507) 974-8905
1453,+1-(666)-042-2179
1454,844-308-9467
1455,(230) 858-0202
1456,(568) 714-4124
1457,536-617-4357
1458,1-585-584-1932
1459,570-203-1096
1460,826.136.6033
1461,327-720-9322
1462,582-130-3938
1463,(734) 699-2543
1464,353.703.6312
1465,726.586.7296
1466,688.439.1485
1467,263-563-6421
1468,987-602-9145
1469,1-510-534-5280
1470,1-328-023-9949
1471,(662) 486-0809
1472,+1-(072)-067-4244
1473,1-767-594-5646
1474,+1-(979)-731-6159
1475,1-149-879-1890
1476,1-575-811-7730
1477,521-108-0516
1478,493.131.7657
1479,(636) 004-1939
1480,(367) 630-5800
1481,548-045-3516
1482,184-085-7303
1483,(599) 362-6333
1484,1-094-836-2637
1485,(172) 717-6729
1486,1-572-690-3552
1487,1-442-819-1103
1488,542.899.0943
1489,855-054-5929
1490,100.699.9525
1491,+1-(816)-073-5310
1492,1-059-905-1291
1493,790-760-9554
1494,(620) 193-2245
1495,(788) 616-7322
1496,(112) 045-5839
1497,629-731-3615
1498,(656) 794-2597
1499,+1-(467)-542-0305
1500,(637) 236-7303
1501,435.282.8336
1502,+1-(031)-635-9773
1503,(881) 028-5174
1504,1-428-376-7641
1505,661.792.9006
1506,1-770-751-0226
1507,1-327-748-6110
1508,1-427-042-2384
1509,+1-(072)-478-4421
1510,1-042-092-6390
1511,1-450-276-0969
1512,(420) 680-5014
1513,1-286-235-7201
1514,935.568.6856
1515,1-526-506-1599
1516,(325) 103-2532
1517,232.129.3569
1518,(359) 774-8237
1519,+1-(362)-647-1383
1520,+1-(482)-531-4452
1521,(762) 207-4939
1522,(790) 402-4729
1523,+1-(989)-386-6487
1524,1-375-079-1328
1525,(993) 659-3083
1526,(706) 338-3552
1527,1-201-947-5930
1528,1-674-016-2895
1529,006.523.0509
1530,146.716.4189
1531,+1-(724)-235-2720
1532,896-543-2990
1533,016-815-4312
1534,887.042.4965
1535,(020) 890-4308
1536,+1-(679)-988-0563
1537,741-060-7408
1538,(034) 511-5558
1539,1-472-633-0844
1540,1-127-999-6603
1541,1-911-550-2879
1542,076.424.1997
1543,957-193-9667
1544,1-603-279-5156
1545,(922) 316-7528
1546,243.717.9007
1547,+1-(696)-854-8293
1548,753-357-9115
1549,711-390-5306
1550,888.978.1570
1551,316-623-9763
1552,805.093.9351
1553,1-041-000-2166
1554,1-940-345-2684
1555,(367) 413-1182
1556,477-874-5661
1557,+1-(405)-660-5440
1558,1-397-837-0907
1559,1-105-922-4255
1560,+1-(571)-188-9100
1561,(302) 679-4862
1562,580-525-5657
1563,446.369.5465
1564,909-424-8357
1565,160-149-5429
1566,491.732.9357
1567,+1-(909)-526-4132
1568,+1-(141)-082-0905
1569,163-922-6009
1570,588.426.7545
1571,321-958-8592
1572,461.756.5817
1573,994.376.4331
1574,(031) 778-7042
1575,(084) 294-9141
1576,960.973.2347
1577,171.154.1862
1578,1-288-055-7765
1579,244.320.1432
1580,649.261.7290
1581,463.640.8053
1582,(022) 596-2888
1583,555.392.9174
1584,(977) 628-7600
1585,(751) 623-3579
1586,+1-(380)-173-2556
1587,1-102-346-6278
1588,105.189.4834
1589,490-184-5368
1590,977.076.3939
1591,567-990-8203
1592,(893) 744-9735
1593,+1-(977)-874-1764
1594,+1-(156)-855-4793
1595,003.750.1952
1596,349-048-1981
1597,+1-(540)-735-7620
1598,(624) 958-7185
1599,+1-(266)-380-6303
1600,(722) 777-8854
1601,1-413-418-4021
1602,(229) 927-6480
1603,(019) 197-4839
1604,643-210-1653
1605,1-436-067-3304
1606,+1-(904)-508-7364
1607,1-433-948-2761
1608,(412) 148-4571
1609,1-306-425-9434
1610,585.893.1189
1611,011.876.9718
1612,505.216.2381
1613,1-827-950-6494
1614,(886) 549-5105
1615,(121) 670-4936
1616,(342) 179-2305
1617,792.473.1390
1618,086-221-8963
1619,745-714-0327
1620,152.039.6741
1621,679-125-8159
1622,643.507.8947
1623,+1-(410)-593-0521
1624,465.746.0885
1625,+1-(307)-103-7875
1626,997-605-3272
1627,+1-(296)-263-4609
1628,1-762-787-8345
1629,(626) 711-4009
1630,996-528-4729
1631,071-887-0955
1632,242-881-0756
1633,1-638-555-6926
1634,708.846.1413
1635,535.153.4583
1636,131.696.4585
1637,705-889-9949
1638,+1-(269)-768-8363
1639,(712) 856-0236
1640,011-446-2201
1641,1-702-083-5743
1642,748-356-9055
1643,740.318.9302
1644,(878) 633-6379
1645,280.923.1648
1646,(868) 904-1845
1647,844.598.6032
1648,+1-(146)-278-6428
1649,598-794-6149
1650,+1-(778)-182-2856
1651,249-874-4010
1652,954.642.8909
1653,(955) 936-8205
1654,690-875-9469
1655,534.224.5806
1656,+1-(071)-419-7058
1657,553-156-5756
1658,1-850-181-3101
1659,1-518-536-2358
1660,(979) 913-7027
1661,(215) 750-3835
1662,146.314.4427
1663,1-681-449-1210
1664,630.941.7899
1665,008.542.4644
1666,(383) 092-5857
1667,+1-(828)-836-3867
1668,070.460.7882
1669,414-882-0539
1670,395-653-6134
1671,+1-(972)-865-5533
1672,640-926-1553
1673,738-952-6332
1674,016.228.5541
1675,327.962.6310
1676,161.886.8951
1677,(908) 524-7318
1678,941-891-8420
1679,1-559-474-8385
1680,920.347.4935
1681,(771) 995-1303
1682,931-757-3194
1683,(848) 104-5873
1684,691-300-1152
1685,1-215-329-4109
1686,1-961-949-4803
1687,148-070-3954
1688,1-246-649-0716
1689,533.726.9598
1690,(093) 353-4954
1691,010-753-0809
1692,+1-(044)-107-7370
1693,544-586-7754
1694,576-181-5436
1695,(341) 291-5511
1696,+1-(108)-406-7278
1697,1-671-919-2360
1698,113-895-9894
1699,221-825-4418
1700,337.451.8965
1701,(420) 468-0568
1702,099-150-7310
1703,168.728.6373
1704,435-090-4093
1705,1-854-769-9087
1706,758.023.4245
1707,870-591-0567
1708,(421) 341-1616
1709,(431) 888-4288
1710,(639) 897-5105
1711,+1-(171)-247-4227
1712,(649) 688-6696
1713,+1-(412)-638-6245
1714,701.747.9422
1715,1-802-204-1205
1716,585-883-0722
1717,(803) 911-5989
1718,+1-(511)-460-4049
1719,(724) 418-1346
1720,(906) 221-6825
1721,(142) 025-2761
1722,1-438-995-9304
1723,1-844-700-0041
1724,(826) 972-8190
1725,347-782-5572
1726,263-474-5673
1727,572.088.3372
1728,681-216-1472
1729,766.449.7501
1730,930-869-0628
1731,413.987.3425
1732,467.699.5404
1733,1-814-497-5460
1734,+1-(280)-430-4076
1735,1-894-997-3987
1736,470.797.2308
1737,174.119.1891
1738,777-628-2522
1739,705.808.5040
1740,(727) 114-2366
1741,642.180.7341
1742,049.811.6012
1743,547.558.3819
1744,311.452.5777
1745,1-433-359-2180
1746,1-807-706-7523
1747,(525) 876-0949
1748,1-612-758-9237
1749,816-403-6731
1750,1-041-544-5801
1751,(971) 837-9906
1752,637-160-8393
1753,1-556-645-7618
1754,1-462-862-7659
1755,(415) 091-2883
1756,+1-(330)-241-6646
1757,+1-(249)-332-4055
1758,758.341.3164
1759,541-608-3819
1760,(271) 579-5278
1761,595-284-2176
1762,847.710.8963
1763,(068) 159-4414
1764,1-037-948-1123
1765,1-136-221-3027
1766,480.434.3568
1767,805.155.7629
1768,+1-(883)-479-4454
1769,(593) 745-6467
1770,(153) 047-5588
1771,+1-(341)-930-2945
1772,1-220-122-4166
1773,091-477-0278
1774,+1-(015)-584-9029
1775,+1-(613)-887-3935
1776,418.232.6739
1777,436.245.3149
1778,255-732-2197
1779,1-055-091-6880
1780,1-505-729-7934
1781,130-738-4166
1782,1-481-374-1012
1783,723.133.9851
1784,1-419-697-6099
1785,1-733-830-1330
1786,(133) 173-6648
1787,165.993.0972
1788,(929) 886-8957
1789,1-797-053-9348
1790,(052) 772-0211
1791,244-054-7433
1792,+1-(674)-410-7300
1793,516.360.1431
1794,(236) 278-7498
1795,1-252-357-2534
1796,1-441-071-7309
1797,1-151-027-9987
1798,(532) 272-6818
1799,(228) 986-8588
1800,+1-(815)-087-1225
1801,(212) 647-5540
1802,263.931.1928
1803,(624) 953-3575
1804,1-876-597-8070
1805,1-842-510-6964
1806,1-893-180-9387
1807,867.241.5984
1808,140-586-0387
1809,(704) 138-8013
1810,548-140-5631
1811,(263) 831-0274
1812,783.526.8851
1813,808-269-5857
1814,1-317-740-6609
1815,+1-(923)-178-4913
1816,115-957-6618
1817,621.898.8984
1818,324-895-7283
1819,(247) 758-6898
1820,222.984.6394
1821,1-279-521-5705
1822,+1-(472)-164-9273
1823,740.106.0788
1824,+1-(853)-183-6497
1825,715-589-8730
1826,923.482.1457
1827,218.999.4199
1828,+1-(352)-031-6820
1829,1-563-125-3164
1830,138.249.3198
1831,1-298-708-5640
1832,1-794-572-3313
1833,(518) 912-4119
1834,+1-(560)-168-4789
1835,(158) 709-6744
1836,(239) 418-4315
1837,(473) 344-6800
1838,169-411-7409
1839,(292) 689-9664
1840,645-327-9001
1841,1-242-123-3332
1842,258.035.0234
1843,303.336.8851
1844,1-210-495-1014
1845,1-825-067-7595
1846,754.614.7837
1847,(376) 833-6605
1848,167-833-7631
1849,(300) 007-1125
1850,842-956-8634
1851,(662) 379-1455
1852,349-314-4748
1853,(146) 438-5533
1854,726.659.9512
1855,(072) 746-1430
1856,1-008-272-0708
1857,(710) 879-6944
1858,1-002-323-5639
1859,286-505-4963
1860,693.637.8821
1861,(799) 582-8270
1862,917.426.5722
1863,+1-(359)-859-0110
1864,+1-(548)-325-2484
1865,1-331-447-2091
1866,(182) 339-3703
1867,685-060-4581
1868,1-061-124-7213
1869,1-810-015-2859
1870,(535) 443-6293
1871,670-086-4936
1872,(531) 448-2056
1873,464-709-3240
1874,(819) 135-2493
1875,+1-(933)-094-6764
1876,(715) 915-7674
1877,+1-(230)-736-3493
1878,934.328.8372
1879,503.533.6643
1880,(158) 433-4301
1881,087-999-1873
1882,683-472-8468
1883,871.660.3861
1884,070-315-9159
1885,716-375-5451
1886,(836) 570-8305
1887,1-428-657-0008
1888,1-295-511-2424
1889,649.582.1329
1890,569.584.3521
1891,+1-(888)-858-8641
1892,449-522-9778
1893,043-514-1219
1894,+1-(510)-139-5165
1895,(921) 772-1734
1896,+1-(180)-809-4490
1897,529-099-3555
1898,+1-(082)-933-1923
1899,469-907-2011
1900,041.819.0103
1901,639.425.8384
1902,(218) 646-9540
1903,241.698.9288
1904,452-506-9601
1905,1-544-089-7538
1906,+1-(465)-595-0604
1907,+1-(190)-990-7788
1908,(205) 593-7084
1909,211-832-5798
1910,456-208-1094
1911,(623) 890-4151
1912,266-720-8506
1913,876.980.8790
1914,199-908-6511
1915,(573) 301-7583
1916,881-500-0896
1917,082-257-3884
1918,766.902.2602
1919,1-665-397-2741
1920,(346) 272-2214
1921,1-046-282-7116
1922,991-961-3882
1923,(036) 236-5484
1924,+1-(488)-144-6163
1925,307.474.5382
1926,814-073-0686
1927,+1-(963)-663-1462
1928,(348) 831-4874
1929,721-682-8554
1930,(742) 123-8656
1931,173-967-8537
1932,1-259-321-4028
1933,(553) 141-1080
1934,525-519-7159
1935,225-387-0189
1936,1-637-157-8951
1937,1-343-055-4922
1938,442-680-8004
1939,896.551.4071
1940,472-388-9928
1941,(315) 367-5976
1942,(522) 896-2774
1943,126-799-6643
1944,978-577-7691
1945,(238) 150-1583
1946,734-070-6723
1947,897.547.4536
1948,(656) 783-0538
1949,252.392.3103
1950,1-924-235-0387
1951,(363) 436-2976
1952,620-176-9726
1953,145-983-2011
1954,(874) 597-7418
1955,124-233-0466
1956,080-468-1945
1957,197.659.3020
1958,325.704.9423
1959,(526) 180-9064
1960,(438) 171-2924
1961,146-320-4219
1962,1-905-895-7803
1963,974-637-8349
1964,629.898.9655
1965,157.975.1396
1966,(327) 989-7487
1967,(037) 895-7875
1968,(196) 405-4176
1969,+1-(231)-287-3816
1970,950.857.1740
1971,054-878-8995
1972,(764) 699-6250
1973,1-531-125-2696
1974,+1-(895)-201-6568
1975,(935) 283-6254
1976,(737) 739-4571
1977,1-572-091-6915
1978,1-461-333-5005
1979,769-060-5597
1980,988.928.7648
1981,(139) 434-2819
1982,+1-(499)-097-3957
1983,150.282.3027
1984,(245) 030-4151
1985,+1-(038)-735-0632
1986,853-357-6089
1987,(481) 877-5904
1988,038-178-6257
1989,(082) 938-4994
1990,1-273-459-5345
1991,1-353-984-0273
1992,+1-(603)-054-2331
1993,859-213-4663
1994,689-867-4877
1995,+1-(654)-462-3278
1996,(764) 252-2168
1997,+1-(103)-617-6588
1998,(759) 723-1555
1999,(170) 148-7335
2000,1-191-794-5983
2001,(126) 963-9712
2002,(078) 261-5403
2003,428-526-0672
2004,+1-(620)-815-9686
2005,1-817-283-8662
2006,702-078-9991
2007,1-092-563-3062
2008,060-455-5866
2009,1-738-047-9203
2010,1-554-590-1891
2011,(841) 206-8367
2012,767-737-3266
2013,063.273.3665
2014,614.630.9005
2015,654.472.3903
2016,608-343-3506
2017,159.811.7648
2018,+1-(300)-290-8186
2019,999.148.0500
2020,1-984-730-4214
2021,1-425-459-2724
2022,441-720-9290
2023,1-940-598-3806
2024,663-799-8400
2025,1-453-337-3235
2026,1-871-315-4655
2027,359.686.7503
2028,1-963-480-7493
2029,1-403-834-1668
2030,009-258-9278
2031,(433) 322-2580
2032,934-016-1382
2033,975-622-6744
2034,+1-(453)-527-1193
2035,+1-(353)-884-0747
2036,1-107-936-3980
2037,1-514-358-4186
2038,(990) 813-8777
2039,204-034-7486
2040,1-419-795-8041
2041,1-577-543-0823
2042,904-584-3909
2043,562-363-2443
2044,(943) 521-0618
2045,1-663-533-7799
2046,332.919.2026
2047,252-327-6527
2048,(164) 595-0091
2049,074-017-4626
2050,(163) 395-4384
2051,174-479-9263
2052,924.764.5246
2053,1-137-264-3477
2054,851-677-9761
2055,661.478.9509
2056,719.849.4041
2057,573-786-7767
2058,551-939-6827
2059,085-797-3407
2060,1-046-612-1154
2061,+1-(266)-272-7453
2062,662.519.0625
2063,(108) 493-1435
2064,+1-(892)-850-8452
2065,(942) 723-4429
2066,(784) 936-4666
2067,273-198-3706
2068,(032) 716-9800
2069,1-865-302-9354
2070,434-618-7886
2071,1-400-076-2400
2072,+1-(206)-797-1210
2073,(722) 021-6454
2074,939.761.5341
2075,820.549.5391
2076,324-175-4317
2077,632.986.6125
2078,869.915.2011
2079,1-059-452-2134
2080,666.424.1272
2081,926-111-8931
2082,1-363-840-2907
2083,(369) 533-0820
2084,387-694-0048
2085,1-508-319-2455
2086,(649) 702-5192
2087,(261) 120-4466
2088,1-909-626-5110
2089,520.055.9067
2090,1-740-749-3546
2091,1-269-959-6422
2092,842.035.2179
2093,055-945-6422
2094,+1-(897)-794-4415
2095,1-456-262-0459
2096,(825) 590-1516
2097,339-682-8809
2098,452-908-0571
2099,(442) 677-7271
2100,748-734-4641
2101,(016) 399-2451
2102,1-964-093-5038
2103,(675) 773-9095
2104,1-931-748-0959
2105,233.513.1160
2106,1-504-344-2348
2107,1-960-639-5430
2108,1-242-317-2420
2109,(360) 525-3158
2110,(523) 594-0942
2111,952-942-6898
2112,(266) 195-4799
2113,997.312.1219
2114,1-009-650-6871
2115,437.149.7976
2116,(666) 150-6756
2117,(484) 964-8881
2118,040.900.7911
2119,846-544-7089
2120,406-000-8893
2121,1-241-057-5191
2122,(901) 324-9781
2123,(506) 964-2612
2124,+1-(805)-213-7283
2125,312.911.5171
2126,1-352-170-8321
2127,(828) 790-7411
2128,672.027.5898
2129,(118) 426-2866
2130,(184) 981-3567
2131,178.211.2057
2132,411-936-8284
2133,(095) 755-5178
2134,+1-(876)-147-3344
2135,429.052.5603
2136,750.308.1127
2137,457-421-6420
2138,(860) 138-6557
2139,(107) 941-3609
2140,287.830.9680
2141,+1-(837)-669-6639
2142,1-638-999-2203
2143,555-264-7273
2144,313-566-9853
2145,1-403-018-4012
2146,(608) 112-4148
2147,1-089-375-8786
2148,650.794.9484
2149,1-893-787-8460
2150,1-390-425-4042
2151,+1-(783)-398-9654
2152,(272) 841-1344
2153,1-245-947-8857
2154,906-987-3927
2155,1-360-968-6788
2156,(216) 662-4192
2157,1-319-241-8808
2158,(851) 830-0658
2159,173.406.4341
2160,208.144.5261
2161,697.448.0460
2162,(089) 831-6854
2163,1-930-048-0751
2164,1-751-285-1776
2165,+1-(126)-600-5735
2166,1-978-559-8040
2167,+1-(486)-093-8411
2168,179-503-5759
2169,(759) 119-1335
2170,766.557.5681
2171,064-917-4471
2172,553.477.2278
2173,(348) 603-3620
2174,406.967.3553
2175,515.713.8718
2176,424-039-9555
2177,1-669-857-9645
2178,1-946-045-0517
2179,265-987-1631
2180,082-274-5683
2181,722.536.0854
2182,801-567-9556
2183,008-248-9945
2184,643.421.4327
2185,258-532-9625
2186,+1-(907)-302-6869
2187,1-439-945-7517
2188,+1-(855)-626-1920
2189,002.337.9790
2190,529.440.3838
2191,390.549.3128
2192,(816) 293-3147
2193,(035) 579-9431
2194,920.352.9419
2195,496.129.2933
2196,(376) 127-1550
2197,1-004-338-3434
2198,+1-(042)-723-1754
2199,(596) 978-6446
2200,+1-(538)-820-6970
2201,448-724-7317
2202,621-820-0852
2203,(285) 974-5511
2204,920.348.6518
2205,273-449-6157
2206,079-593-3630
2207,+1-(388)-709-6756
2208,(792) 063-4621
2209,866.924.6937
2210,+1-(621)-962-0436
2211,670.291.4721
2212,313.423.2933
2213,873.872.3299
2214,(632) 565-1348
2215,(923) 569-5945
2216,895-299-3055
2217,+1-(025)-433-5764
2218,1-686-805-2347
2219,328-426-4221
2220,1-789-686-6109
2221,817.569.3378
2222,990-321-1396
2223,256-295-1827
2224,656-484-6190
2225,858.719.2099
2226,+1-(050)-993-1079
2227,(536) 491-1898
2228,339-194-6870
2229,069.019.7195
2230,1-908-040-6561
2231,016.059.4526
2232,+1-(728)-277-7377
2233,1-962-356-3242
2234,912-415-1380
2235,741-099-6866
2236,(967) 714-2466
2237,(002) 486-8294
2238,295.645.9315
2239,533.990.5562
2240,(202) 825-1231
2241,(149) 090-0150
2242,1-884-100-9135
2243,1-330-358-5584
2244,(868) 849-2733
2245,1-525-150-4495
2246,978.622.2135
2247,(201) 223-9952
2248,(054) 275-3393
2249,427-494-0603
2250,+1-(642)-014-3956
2251,+1-(940)-252-8853
2252,(752) 848-3731
2253,334.099.1039
2254,1-924-705-9334
2255,063-689-7403
2256,1-966-779-1975
2257,1-430-939-0045
2258,013.421.2678
2259,+1-(459)-357-9562
2260,169-217-5077
2261,+1-(794)-895-0233
2262,594.398.9762
2263,1-741-557-9077
2264,+1-(460)-453-9992
2265,718.199.1522
2266,220.911.3802
2267,1-295-819-0565
2268,(024) 592-8353
2269,+1-(061)-434-9072
2270,1-622-969-5246
2271,236-552-4204
2272,703-553-0437
2273,871.566.2114
2274,674-846-0826
2275,(042) 235-4355
2276,+1-(536)-645-9848
2277,358.958.2119
2278,1-148-218-6540
2279,(774) 138-1785
2280,111-019-1882
2281,501-039-0855
2282,236.884.9012
2283,429-924-2752
2284,866.223.7426
2285,1-560-755-7726
2286,083-243-1747
2287,1-551-760-8595
2288,(235) 022-5791
2289,1-228-528-7206
2290,609.816.5476
2291,+1-(936)-239-1145
2292,475-986-1874
2293,+1-(324)-664-2307
2294,+1-(722)-690-1996
2295,289.259.1194
2296,+1-(920)-888-1936
2297,1-258-343-0566
2298,1-835-045-0691
2299,730.302.4168
2300,(414) 020-6122
2301,749.737.2698
2302,1-324-501-1062
2303,407.888.2830
2304,346.524.0423
2305,436-005-9963
2306,+1-(748)-233-4299
2307,1-297-703-0015
2308,1-306-778-0951
2309,+1-(290)-731-1993
2310,(010) 839-4838
2311,1-289-629-8639
2312,663.640.6017
2313,305.513.6333
2314,(717) 250-2876
2315,350.971.6220
2316,070-601-7098
2317,204-869-9291
2318,072-648-8174
2319,1-654-727-9138
2320,520-217-3862
2321,(471) 533-2680
2322,223-844-7711
2323,(572) 943-7181
2324,376.616.8839
2325,183-495-6636
2326,587-505-8363
2327,+1-(327)-347-6634
2328,(458) 028-7927
2329,+1-(120)-531-8569
2330,340.612.9923
2331,(202) 008-1406
2332,101.114.0032
2333,1-182-670-8479
2334,856-479-5287
2335,845-001-6173
2336,776-626-7799
2337,1-539-081-0654
2338,1-752-697-4269
2339,(151) 170-4786
2340,1-990-259-7996
2341,1-163-056-3062
2342,+1-(144)-458-1246
2343,436-196-8706
2344,619-395-9947
2345,1-883-038-2894
2346,394-029-1224
2347,1-027-166-3712
2348,(867) 190-7314
2349,(994) 879-6580
2350,1-532-894-4041
2351,(398) 223-3199
2352,+1-(164)-219-5419
2353,(120) 710-8770
2354,(572) 006-7946
2355,(558) 738-1528
2356,785.313.0120
2357,076.103.5911
2358,325-775-2076
2359,(124) 083-4718
2360,1-054-508-0217
2361,866-247-7241
2362,+1-(434)-797-4544
2363,972-388-9531
2364,(668) 790-3976
2365,499-479-2504
2366,600.093.4202
2367,426.231.0767
2368,1-956-189-4821
2369,922.557.0600
2370,+1-(663)-850-2263
2371,(202) 952-5407
2372,059.751.9135
2373,134-624-8250
2374,+1-(033)-484-1209
2375,(780) 409-7808
2376,1-688-353-2893
2377,047.309.1123
2378,1-401-948-1750
2379,542.295.3076
2380,1-396-487-4341
2381,065.925.4690
2382,1-953-335-8055
2383,(718) 429-8200
2384,+1-(448)-427-3384
2385,(230) 724-8926
2386,1-831-946-5024
2387,434-574-9336
2388,145.941.9679
2389,(502) 705-0549
2390,997-288-0616
2391,(078) 645-8432
2392,1-599-411-2480
2393,752-964-4816
2394,941-665-2882
2395,(671) 685-7240
2396,497-848-2222
2397,514.562.6953
2398,(329) 482-8992
2399,1-234-505-6932
2400,1-807-234-3375
2401,1-785-803-6946
2402,+1-(277)-405-4622
2403,(504) 660-3580
2404,364-818-3221
2405,121-765-1054
2406,(164) 160-7774
2407,225.145.9326
2408,(243) 960-6948
2409,1-509-926-2776
2410,679-739-3386
2411,078-032-3797
2412,(777) 629-0306
2413,(268) 702-9976
2414,534.234.1665
2415,(453) 760-6873
2416,1-224-883-8487
2417,(322) 000-9677
2418,685.878.9753
2419,(851) 563-0718
2420,331.217.1157
2421,958-416-5800
2422,+1-(111)-966-2407
2423,(792) 293-3380
2424,665.538.9464
2425,091.115.3343
2426,+1-(371)-314-4108
2427,1-791-516-9047
2428,+1-(770)-676-5341
2429,(033) 274-6086
2430,477-468-6712
2431,+1-(898)-196-0921
2432,(969) 178-3167
2433,(379) 258-0775
2434,(671) 217-4058
2435,854-450-4351
2436,(718) 325-3379
2437,451-695-4055
2438,1-026-888-7999
2439,1-323-645-2855
2440,(096) 582-1294
2441,1-294-973-6662
2442,808-630-2459
2443,(104) 900-5433
2444,1-436-689-1822
2445,(620) 389-1447
2446,156.189.4095
2447,(370) 605-5888
2448,999-054-0904
2449,(808) 192-3308
2450,1-713-339-4501
2451,1-381-366-2219
2452,681.283.4212
2453,1-702-038-6403
2454,446.284.3866
2455,(225) 669-7778
2456,1-989-216-3476
2457,+1-(487)-641-7922
2458,(468) 312-7309
2459,1-234-310-9383
2460,047.796.8620
2461,(961) 775-4526
2462,1-130-513-5186
2463,(270) 428-7598
2464,(099) 939-7023
2465,645-271-2569
2466,1-598-501-5079
2467,(798) 180-5256
2468,(226) 778-3012
2469,108-137-5985
2470,1-356-812-0326
2471,074-495-1865
2472,1-981-517-5778
2473,(426) 424-9798
2474,(441) 937-3379
2475,1-897-640-0201
2476,(148) 276-3221
2477,709-265-4762
2478,+1-(371)-779-8745
2479,348-828-0874
2480,1-363-340-2505
2481,+1-(198)-018-5073
2482,759.286.4058
2483,171-749-8736
2484,1-165-860-8450
2485,222.693.5744
2486,325-673-9165
2487,(582) 612-4326
2488,(837) 485-1745
2489,714-996-4044
2490,029-034-9720
2491,598.707.0798
2492,812.890.9888
2493,352-889-3165
2494,1-979-368-6842
2495,776-367-7390
2496,348.191.8789
2497,(540) 940-4540
2498,+1-(912)-924-8633
2499,465-207-6810
2500,(800) 672-0570
2501,914-916-4517
2502,1-570-366-5329
2503,(035) 111-9603
2504,205.250.9990
2505,+1-(794)-552-6201
2506,1-515-300-8580
2507,1-224-014-8436
2508,1-956-537-4813
2509,1-941-909-6942
2510,(637) 614-7883
2511,692.034.7537
2512,1-493-106-9772
2513,475.887.0668
2514,1-480-982-4455
2515,213.166.3845
2516,+1-(509)-315-1736
2517,292.475.3292
2518,894.923.0797
2519,1-041-204-3778
2520,804.406.6097
2521,369-911-2668
2522,1-487-698-8891
2523,1-322-622-7312
2524,(921) 802-2332
2525,+1-(194)-000-8867
2526,1-847-009-6173
2527,1-126-368-7214
2528,1-168-713-6954
2529,(766) 102-8901
2530,534-778-9118
2531,1-812-027-9090
2532,312.120.9251
2533,716-819-0877
2534,1-878-433-0338
2535,+1-(124)-360-0233
2536,1-398-225-2285
2537,450.709.8507
2538,789.266.4098
2539,013-807-8571
2540,014-712-9573
2541,700.723.8330
2542,001-616-6974
2543,(552) 675-1000
2544,209.655.2770
2545,1-734-318-1735
2546,376-166-8970
2547,413.432.0412
2548,363-138-7354
2549,1-252-353-8107
2550,(557) 152-1501
2551,194-832-9701
2552,(268) 449-9616
2553,+1-(312)-404-3944
2554,897-220-2169
2555,+1-(893)-675-5733
2556,+1-(186)-312-0820
2557,+1-(849)-554-4770
2558,587-089-9602
2559,1-914-159-5997
2560,988-256-1240
2561,1-088-251-2706
2562,+1-(915)-952-1131
2563,557-409-0883
2564,800-435-6102
2565,291.934.2416
2566,287-862-8573
2567,039-469-7432
2568,299-285-8131
2569,628-651-1844
2570,+1-(467)-319-5341
2571,122.475.2306
2572,1-969-916-6406
2573,(886) 001-1804
2574,+1-(040)-065-5418
2575,1-082-058-9969
2576,717-756-7576
2577,098.802.2065
2578,769-633-6680
2579,605-090-0780
2580,794-397-5186
2581,(011) 762-7384
2582,+1-(438)-103-5612
2583,662-140-3945
2584,1-895-270-1473
2585,094-373-8532
2586,607.831.2271
2587,1-801-899-9774
2588,995.830.6953
2589,1-730-633-8963
2590,(816) 810-8123
2591,364-797-0427
2592,(193) 096-3326
2593,373-779-8740
2594,1-746-051-7759
2595,(768) 020-5595
2596,788.246.9845
2597,+1-(304)-598-2779
2598,026.976.2669
2599,1-500-949-4610
2600,442.473.5979
2601,(138) 951-3074
2602,670.996.7888
2603,931-283-0935
2604,566-267-9307
2605,860-444-1718
2606,1-726-612-0490
2607,1-789-882-6615
2608,920.242.5754
2609,102-049-9999
2610,(647) 360-1470
2611,334-438-8942
2612,324.748.7147
2613,306-660-3620
2614,848.019.3249
2615,+1-(519)-127-5239
2616,376-762-3848
2617,297-414-3648
2618,(255) 538-2393
2619,1-767-485-1382
2620,619.837.8993
2621,(368) 146-5224
2622,+1-(206)-617-3668
2623,829.757.3848
2624,981-632-1164
2625,366.064.5349
2626,1-857-326-3820
2627,+1-(715)-175-6060
2628,(173) 599-0288
2629,1-139-888-8556
2630,+1-(151)-711-2209
2631,754-563-8994
2632,549.218.4892
2633,291-316-4299
2634,1-445-936-0114
2635,+1-(151)-467-0498
2636,(007) 177-8964
2637,1-999-509-6053
2638,+1-(078)-847-6071
2639,499.190.9936
2640,963-204-2223
2641,1-356-280-3692
2642,1-809-109-6559
2643,+1-(550)-732-1547
2644,110.847.7492
2645,1-439-582-5327
2646,927.787.3230
2647,175-248-3257
2648,995.776.8593
2649,1-509-155-0243
2650,+1-(846)-675-5809
2651,(890) 352-5271
2652,017-431-9771
2653,(927) 906-4547
2654,(820) 640-5878
2655,214-034-4215
2656,(070) 295-5332
2657,045-944-8935
2658,(559) 776-9967
2659,955-435-5705
2660,803.525.7155
2661,816-407-9270
2662,928-020-4343
2663,675.390.1906
2664,929.240.6201
2665,+1-(841)-523-7354
2666,1-005-080-7299
2667,556.192.1049
2668,1-206-380-8385
2669,(730) 424-3270
2670,(008) 024-5003
2671,055.870.3362
2672,464-423-6612
2673,1-737-019-9046
2674,324-627-2962
2675,309.488.2381
2676,266.700.0658
2677,213-614-1116
2678,+1-(747)-561-2260
2679,(418) 678-0116
2680,(749) 155-5820
2681,593-451-0222
2682,1-384-389-2011
2683,(192) 585-3903
2684,+1-(014)-887-0881
2685,089.437.3391
2686,1-453-149-0185
2687,353-645-5508
2688,+1-(749)-325-2900
2689,(516) 308-5778
2690,076-396-5112
2691,+1-(449)-150-4912
2692,1-549-405-0539
2693,101-983-8162
2694,+1-(419)-046-3452
2695,1-318-086-4590
2696,391.455.9655
2697,(878) 937-0996
2698,1-581-827-1380
2699,842.582.9047
2700,028.369.5753
2701,1-346-465-4869
2702,833.657.5132
2703,832-363-9346
2704,1-529-631-6094
2705,1-461-796-3271
2706,(430) 916-4078
2707,990.928.9992
2708,509.216.7104
2709,+1-(744)-422-2629
2710,515.042.1809
2711,1-771-589-4367
2712,329-620-4313
2713,(172) 109-5009
2714,220.369.4944
2715,(053) 481-8798
2716,(066) 701-6239
2717,655.216.6835
2718,(975) 015-7762
2719,1-828-052-5045
2720,363.468.7476
2721,045.037.0822
2722,640-233-6284
2723,+1-(913)-481-0630
2724,(030) 007-1053
2725,(501) 323-4480
2726,1-184-233-8854
2727,(060) 156-9890
2728,431.763.6765
2729,148-536-8451
2730,+1-(345)-285-9235
2731,477.222.7708
2732,+1-(551)-822-5673
2733,+1-(322)-647-1301
2734,+1-(051)-526-7959
2735,(781) 664-7454
2736,189-273-5185
2737,+1-(176)-514-7372
2738,+1-(092)-600-8076
2739,1-476-979-7545
2740,+1-(087)-533-5439
2741,1-068-556-7571
2742,(938) 005-8068
2743,+1-(265)-213-4831
2744,(923) 731-0731
2745,(917) 182-8560
2746,468-423-7301
2747,1-708-956-4978
2748,174-651-7915
2749,870-649-8591
2750,986.994.1050
2751,915.236.1533
2752,272-980-7123
2753,243.689.8506
2754,331-326-7885
2755,218.357.4347
2756,1-601-048-1495
2757,+1-(699)-406-2837
2758,423.239.6632
2759,180-509-2792
2760,+1-(216)-376-7554
2761,1-286-149-5351
2762,886-036-7512
2763,999.039.6120
2764,180.454.1660
2765,240-729-9472
2766,080.049.0666
2767,719.628.9781
2768,(763) 501-9259
2769,295-635-5295
2770,+1-(207)-844-7983
2771,382.714.1946
2772,577.001.8976
2773,+1-(821)-915-8643
2774,044.557.1634
2775,427-069-1558
2776,+1-(003)-205-8960
2777,1-834-631-9762
2778,1-558-313-1126
2779,(127) 193-8039
2780,300.899.6557
2781,975-916-2399
2782,+1-(867)-938-7246
2783,+1-(350)-814-3542
2784,1-781-156-6270
2785,711.926.4220
2786,923.429.3440
2787,339.901.3094
2788,241.175.3741
2789,(920) 730-3702
2790,253.679.4725
2791,497-770-3086
2792,608.344.8855
2793,(175) 608-8907
2794,526-049-2673
2795,154-321-7014
2796,(594) 508-7788
2797,1-718-574-0359
2798,1-590-477-7248
2799,1-268-218-3117
2800,350.446.2999
2801,1-303-219-3357
2802,1-073-156-7510
2803,823-700-1269
2804,(035) 226-0057
2805,1-997-368-8599
2806,549-413-3385
2807,1-202-237-9312
2808,1-604-670-0157
2809,1-785-331-9441
2810,192-358-6953
2811,1-718-906-6149
2812,760-464-1684
2813,+1-(225)-663-5599
2814,1-853-067-6806
2815,(306) 455-1071
2816,1-473-949-5317
2817,569.034.2884
2818,619-747-6960
2819,739.775.5052
2820,363.366.0387
2821,1-413-090-6433
2822,(066) 457-1159
2823,(352) 278-0542
2824,1-315-917-9611
2825,+1-(994)-920-0293
2826,1-891-811-9133
2827,(224) 788-5810
2828,+1-(937)-750-3549
2829,600-112-4175
2830,055.540.0616
2831,1-675-927-2279
2832,+1-(878)-913-6967
2833,678.790.2193
2834,1-831-631-9350
2835,539-514-0235
2836,459.337.7324
2837,+1-(524)-771-1482
2838,(439) 201-5849
2839,(696) 972-8455
2840,404-917-0471
2841,(869) 582-2851
2842,347.141.4172
2843,740-346-8821
2844,819.226.4183
2845,592.483.7988
2846,1-133-924-2312
2847,(288) 378-4696
2848,(169) 521-9964
2849,(146) 158-8765
2850,(668) 104-5848
2851,744.582.3517
2852,(691) 078-2178
2853,387-561-1349
2854,126.659.5000
2855,622-155-9159
2856,066.566.2325
2857,370-845-6755
2858,465.463.7152
2859,1-214-508-1228
2860,+1-(427)-640-6944
2861,(099) 448-6197
2862,1-328-655-0418
2863,1-429-595-7862
2864,1-244-711-3039
2865,+1-(700)-509-2062
2866,(320) 303-6121
2867,1-421-588-0491
2868,(456) 497-5821
2869,742-789-8901
2870,+1-(219)-413-9332
2871,209.424.8281
2872,1-247-560-4514
2873,+1-(694)-010-3108
2874,088-212-9364
2875,1-790-070-4933
2876,630-168-5404
2877,(872) 660-3513
2878,887-530-0097
2879,(614) 065-8114
2880,076-400-5569
2881,+1-(243)-005-6300
2882,816-650-8600
2883,1-573-619-7949
2884,896.906.9878
2885,1-827-948-0627
2886,+1-(520)-709-1805
2887,728.131.7927
2888,1-248-146-9622
2889,1-877-199-9488
2890,479.575.4618
2891,722.359.0709
2892,+1-(997)-386-0625
2893,746-347-4516
2894,1-861-536-3310
2895,192.742.5624
2896,1-001-925-5767
2897,(827) 867-3537
2898,460.632.3188
2899,255-806-2137
2900,+1-(496)-863-1730
2901,1-778-524-2344
2902,(065) 947-3707
2903,610-501-5015
2904,+1-(198)-781-2599
2905,1-125-514-4224
2906,1-439-195-0818
2907,674-550-5148
2908,311-674-2970
2909,214-014-2086
2910,(215) 687-6392
2911,659.602.3986
2912,705.816.8831
2913,241-871-5302
2914,(291) 703-0751
2915,685-271-2674
2916,1-744-111-2704
2917,1-311-506-1244
2918,(417) 368-0880
2919,1-096-023-0702
2920,(818) 960-1360
2921,(673) 325-2484
2922,+1-(358)-585-2579
2923,206.954.7721
2924,(684) 456-6787
2925,005-965-9969
2926,688.104.4263
2927,576.209.8441
2928,814.855.4140
2929,+1-(985)-662-3752
2930,(432) 484-3442
2931,1-027-760-1759
2932,1-823-663-5780
2933,819-155-8891
2934,1-170-919-4961
2935,(737) 363-6163
2936,+1-(970)-704-4790
2937,1-569-469-1202
2938,1-716-719-5448
2939,(641) 013-9604
2940,1-975-403-7264
2941,996.169.9805
2942,785-038-1926
2943,530-831-4924
2944,038.916.5796
2945,380-825-3533
2946,671.739.1069
2947,367.595.5834
2948,1-379-504-6924
2949,858.537.1426
2950,932-559-0810
2951,642-080-5027
2952,1-497-550-8988
2953,1-955-570-0328
2954,(343) 910-6964
2955,(952) 622-2401
2956,1-937-772-2487
2957,+1-(013)-062-8757
2958,291.704.5435
2959,255-369-8618
2960,+1-(909)-273-8050
2961,+1-(989)-340-1319
2962,925.541.9990
2963,027-942-3819
2964,767-834-3496
2965,(461) 793-4774
2966,213-906-9569
2967,1-322-955-2821
2968,+1-(697)-536-7516
2969,060-855-4201
2970,(586) 269-0730
2971,1-958-070-0539
2972,888-508-2558
2973,066-612-4460
2974,531-877-6596
2975,1-694-378-7753
2976,273.122.1267
2977,1-284-894-3001
2978,858-554-9582
2979,1-784-973-3783
2980,079.818.7079
2981,290.199.8335
2982,453.309.9376
2983,842-031-5169
2984,506.917.8692
2985,1-203-596-9555
2986,(597) 094-6419
2987,209.267.9456
2988,793.925.5895
2989,471.754.8597
2990,841.147.5807
2991,1-340-414-5116
2992,(060) 995-3505
2993,(176) 732-4083
2994,1-209-410-0076
2995,480.544.0040
2996,(951) 656-3795
2997,(751) 062-5629
2998,(069) 302-7879
2999,+1-(640)-287-7061
3000,1-875-990-8066
3001,1-148-932-7087
3002,+1-(858)-302-7855
3003,1-704-814-3555
3004,137.077.4422
3005,(506) 477-9852
3006,1-344-125-5226
3007,(150) 420-0433
3008,+1-(415)-404-2581
3009,1-761-477-1230
3010,335.123.9151
3011,+1-(931)-312-8744
3012,442.143.7437
3013,1-085-346-3508
3014,(985) 680-1146
3015,(779) 648-7136
3016,(609) 395-8075
3017,(255) 440-5100
3018,1-295-256-2730
3019,(980) 766-3941
3020,606-413-6857
3021,+1-(422)-840-4835
3022,495.929.3318
3023,226-585-0807
3024,1-390-309-3714
3025,+1-(073)-427-8466
3026,+1-(926)-457-8883
3027,(816) 497-5121
3028,(590) 375-2292
3029,1-132-405-8369
3030,1-161-572-9869
3031,074.128.8549
3032,(638) 558-7409
3033,1-204-809-8719
3034,(872) 840-8208
3035,1-052-159-7678
3036,(209) 765-4747
3037,800.768.3030
3038,1-823-238-7408
3039,907-870-5533
3040,1-544-005-0212
3041,1-109-583-1870
3042,1-768-542-2436
3043,1-482-777-3873
3044,(509) 742-2939
3045,1-070-172-6979
3046,1-904-318-3692
3047,(152) 963-7665
3048,+1-(611)-903-7826
3049,1-651-145-9600
3050,1-410-585-5576
3051,+1-(861)-759-0159
3052,736.213.1075
3053,1-306-334-7265
3054,1-221-350-1914
3055,1-661-926-2648
3056,(756) 984-3991
3057,622-784-0330
3058,+1-(961)-049-4773
3059,1-859-248-7905
3060,+1-(058)-798-3844
3061,712-028-7471
3062,+1-(107)-541-1256
3063,937.572.4825
3064,(245) 176-6366
3065,(814) 214-7327
3066,041.144.9337
3067,680.810.1489
3068,359.648.9532
3069,489.128.4347
3070,1-972-922-1170
3071,(109) 390-5854
3072,+1-(160)-722-0638
3073,694.174.7004
3074,(873) 347-4482
3075,191-408-1739
3076,280-038-3309
3077,729-316-1820
3078,(167) 078-7317
3079,1-176-818-5667
3080,(789) 261-2950
3081,457-050-4063
3082,496-673-8584
3083,188-816-3852
3084,(361) 823-7555
3085,+1-(157)-866-6848
3086,+1-(566)-604-6170
3087,673-058-8379
3088,994-817-8396
3089,1-508-907-8719
3090,610.055.3141
3091,139.920.4838
3092,1-871-630-1676
3093,1-601-936-8362
3094,256-973-1131
3095,279.035.1713
3096,1-768-330-8926
3097,357.958.7835
3098,776-230-8616
3099,(021) 358-7312
3100,415.786.8206
3101,581.927.5697
3102,012.298.2838
3103,121.968.4546
3104,296-637-9031
3105,+1-(109)-779-7661
3106,267.940.7866
3107,310.497.1416
3108,708-338-1051
3109,1-018-179-7039
3110,297-148-1114
3111,1-117-292-9670
3112,1-956-451-7640
3113,041.303.4986
3114,+1-(942)-243-2787
3115,(961) 139-3500
3116,1-409-721-2380
3117,717.156.7509
3118,+1-(737)-541-7073
3119,374-000-8233
3120,1-657-198-2446
3121,708.470.1307
3122,030-189-6265
3123,260.543.0708
3124,327-802-7594
3125,+1-(353)-269-0581
3126,(894) 121-4366
3127,1-242-893-3175
3128,(162) 874-2231
3129,(447) 518-2056
3130,1-628-079-9257
3131,834-024-1260
3132,(018) 732-4790
3133,1-062-515-8610
3134,672-289-2923
3135,058.804.5475
3136,314.263.4005
3137,158.199.6208
3138,062.350.6318
3139,1-034-841-7118
3140,1-528-046-3833
3141,1-186-909-2453
3142,(905) 872-4488
3143,(487) 008-8302
3144,461-939-1719
3145,687-537-3013
3146,+1-(863)-763-7843
3147,1-003-575-9885
3148,1-358-108-8951
3149,+1-(404)-314-6936
3150,1-570-035-7594
3151,(461) 280-1404
3152,114-711-9012
3153,635-181-6595
3154,1-604-078-6570
3155,488.730.1945
3156,+1-(147)-132-5586
3157,381.032.2817
3158,+1-(592)-619-1954
3159,323-828-2449
3160,161.852.2932
3161,+1-(949)-423-4533
3162,(764) 988-2574
3163,1-156-904-2936
3164,776-080-9377
3165,544-602-8664
3166,(998) 209-4657
3167,1-019-050-8846
3168,+1-(243)-644-1261
3169,(624) 858-2503
3170,+1-(555)-253-7977
3171,1-298-330-4931
3172,+1-(064)-207-1364
3173,(977) 417-7268
3174,635-641-5581
3175,1-023-848-1308
3176,+1-(883)-370-4255
3177,+1-(686)-648-2401
3178,(347) 422-7840
3179,1-190-338-1353
3180,1-329-750-5073
3181,(133) 815-3658
3182,1-340-430-5197
3183,795.842.0960
3184,651.515.4415
3185,1-536-567-1561
3186,609.817.0495
3187,927-725-9746
3188,(577) 246-5543
3189,687.262.0741
3190,1-895-222-7267
3191,(243) 135-4211
3192,1-655-967-0574
3193,215.255.7552
3194,(226) 682-5028
3195,1-196-329-0124
3196,1-623-534-3827
3197,687-288-3586
3198,+1-(463)-502-3720
3199,283-838-0342
3200,+1-(218)-211-0490
3201,(877) 859-8781
3202,(496) 902-4531
3203,246.279.8201
3204,(625) 386-2629
3205,(722) 943-6531
3206,621-969-9104
3207,466.395.2850
3208,565-969-2640
3209,1-760-369-5496
3210,678.135.8558
3211,1-908-552-9633
3212,(046) 399-1267
3213,(529) 237-2505
3214,310-488-9164
3215,+1-(233)-604-9256
3216,208-117-3745
3217,925-889-2147
3218,+1-(271)-595-9567
3219,542.255.8872
3220,000-301-8967
3221,1-211-154-1912
3222,(855) 312-1641
3223,698-601-8822
3224,1-162-993-2591
3225,1-717-309-9145
3226,(812) 317-2068
3227,(588) 319-8397
3228,558.113.8656
3229,616.543.8020
3230,771-785-4519
3231,(400) 743-0689
3232,998-516-2257
3233,1-360-895-6895
3234,791.768.9471
3235,+1-(546)-114-5290
3236,389-672-8269
3237,(589) 390-2211
3238,(943) 659-6108
3239,686-584-1165
3240,(161) 655-2432
3241,544-468-9751
3242,559-181-7703
3243,1-743-661-0304
3244,(870) 638-2404
3245,789-609-6561
3246,+1-(855)-865-3796
3247,+1-(904)-726-8321
3248,+1-(264)-466-8319
3249,1-064-389-8706
3250,1-518-519-2560
3251,611.972.2942
3252,+1-(414)-079-9227
3253,421-209-5343
3254,504-895-0954
3255,+1-(846)-636-8041
3256,291-651-1997
3257,550-282-7474
3258,648.764.9185
3259,417-287-9487
3260,088-877-6653
3261,(537) 435-2210
3262,392.753.7682
3263,209-331-9472
3264,1-034-123-3316
3265,994.464.0595
3266,551-399-9650
3267,1-111-901-2371
3268,+1-(328)-122-6889
3269,(705) 254-6790
3270,983.078.6384
3271,286.232.2940
3272,1-609-826-8641
3273,1-283-529-9325
3274,500.246.3820
3275,055-142-8694
3276,(786) 204-4852
3277,624.913.9167
3278,526.110.5633
3279,495.038.2265
3280,(544) 142-8350
3281,1-678-518-2222
3282,+1-(428)-422-4435
3283,+1-(367)-045-2358
3284,832-275-8995
3285,558.957.2414
3286,507-618-1311
3287,093-710-0148
3288,018.724.4226
3289,(226) 040-0201
3290,(495) 113-8302
3291,1-811-415-2039
3292,+1-(445)-413-8829
3293,(528) 277-3070
3294,907.536.8931
3295,(131) 238-7337
3296,990-955-5577
3297,1-139-830-8353
3298,605.854.7199
3299,(870) 101-6951
3300,(330) 063-4394
3301,1-581-761-8646
3302,(022) 592-3109
3303,1-734-538-2461
3304,+1-(120)-895-9781
3305,(792) 000-2306
3306,009-314-2330
3307,038-130-1059
3308,195-633-6801
3309,247-517-2180
3310,(768) 035-2249
3311,+1-(018)-414-6543
3312,1-684-424-2985
3313,1-390-515-8124
3314,(710) 363-5610
3315,512-065-1223
3316,309.879.8917
3317,702.630.2490
3318,(309) 759-7403
3319,1-961-338-5305
3320,513-685-5313
3321,1-454-289-3314
3322,1-848-428-9958
3323,460.383.6270
3324,660-816-2501
3325,1-773-713-5351
3326,1-399-778-0953
3327,792-356-6374
3328,+1-(854)-850-7243
3329,070.415.8895
3330,1-640-256-8634
3331,1-389-891-5539
3332,(428) 304-8816
3333,1-146-475-4087
3334,090.184.9964
3335,(449) 279-7066
3336,061-011-8801
3337,1-552-111-6859
3338,(956) 308-5857
3339,099.806.4299
3340,479.005.6813
3341,(093) 941-7713
3342,749.082.5145
3343,480-746-4217
3344,060.888.6178
3345,125-799-0507
3346,(553) 246-8938
3347,961.715.1940
3348,841.295.6569
3349,124-070-0160
3350,760-076-4987
3351,832-142-5206
3352,1-401-479-8401
3353,1-647-470-8549
3354,577.189.8957
3355,(905) 760-3461
3356,(081) 109-5602
3357,805-053-4256
3358,+1-(229)-653-9670
3359,816.113.9877
3360,(486) 094-2428
3361,1-104-433-3196
3362,320.986.1915
3363,588-828-8920
3364,556.577.0909
3365,(444) 161-5909
3366,1-044-652-1278
3367,1-644-005-9001
3368,243.331.0168
3369,+1-(228)-061-1424
3370,988-231-5443
3371,402-892-8810
3372,608.805.0043
3373,(425) 506-9584
3374,(877) 864-1655
3375,312.457.8309
3376,083-180-2005
3377,1-566-233-4901
3378,+1-(344)-548-8773
3379,275-145-2580
3380,1-038-768-3303
3381,023-392-6726
3382,(828) 656-5920
3383,944-559-3528
3384,829-815-3747
3385,+1-(556)-265-2860
3386,281-844-1095
3387,126-078-0821
3388,1-718-539-1203
3389,162.720.8908
3390,1-418-307-7469
3391,537-219-9798
3392,(746) 751-2642
3393,112-546-7794
3394,477-878-0714
3395,(133) 172-1248
3396,(559) 149-9297
3397,511.871.9827
3398,311-549-4662
3399,+1-(164)-716-0280
3400,+1-(601)-488-0216
3401,407.662.4831
3402,1-465-930-1865
3403,138.223.8551
3404,072.458.2686
3405,523-385-7781
3406,614.236.7346
3407,801.812.9316
3408,209.646.0194
3409,1-780-206-9057
3410,495-846-1616
3411,(012) 785-0323
3412,1-794-015-2229
3413,(102) 740-7819
3414,+1-(515)-626-6088
3415,766.454.8614
3416,1-125-038-8877
3417,086-657-2696
3418,1-865-753-7918
3419,(225) 391-7585
3420,(364) 887-7410
3421,1-003-043-8353
3422,(993) 134-4340
3423,034-308-9378
3424,+1-(237)-164-9717
3425,878-584-3503
3426,(651) 253-4102
3427,+1-(583)-253-6510
3428,(129) 063-7400
3429,1-490-420-2664
3430,(611) 331-3843
3431,(999) 648-1047
3432,054.279.8192
3433,+1-(127)-084-5620
3434,743-237-4631
3435,213.874.7923
3436,839.412.1250
3437,(369) 269-7795
3438,892.735.1298
3439,547-243-4095
3440,(476) 673-9140
3441,1-074-064-5841
3442,1-073-071-6842
3443,+1-(233)-171-6411
3444,332.838.5085
3445,583-381-2842
3446,513.670.4425
3447,120-058-3664
3448,246.607.4917
3449,1-379-000-4598
3450,(646) 708-4580
3451,(960) 322-6545
3452,1-166-653-0588
3453,935-445-8861
3454,+1-(936)-723-7917
3455,005.437.5686
3456,+1-(896)-216-0801
3457,1-059-244-0922
3458,482-693-7540
3459,682-743-2431
3460,600.130.1172
3461,241-865-6062
3462,(285) 290-2628
3463,1-861-514-4856
3464,(373) 032-4593
3465,+1-(143)-808-6384
3466,(661) 318-6267
3467,+1-(046)-395-5638
3468,346.568.9776
3469,1-422-179-4181
3470,315-706-3128
3471,1-977-307-2905
3472,+1-(773)-801-1770
3473,345-613-2021
3474,1-835-336-0531
3475,1-682-555-3526
3476,434-488-3982
3477,+1-(322)-520-1265
3478,(622) 027-0304
3479,473-805-4929
3480,(188) 055-5228
3481,273.705.2916
3482,025.866.1010
3483,850.581.5161
3484,1-923-648-5121
3485,121.288.7456
3486,995.012.5388
3487,(483) 100-6923
3488,(111) 981-2317
3489,(754) 452-7680
3490,151-399-2102
3491,(705) 598-8434
3492,099.579.9193
3493,+1-(398)-955-2588
3494,345-338-2892
3495,379.062.8742
3496,+1-(750)-405-1525
3497,261.943.2662
3498,029-842-7191
3499,(941) 066-1480
3500,(179) 898-0351
3501,(332) 941-5365
3502,1-534-283-1498
3503,464.313.3594
3504,095-129-1717
3505,(787) 685-2105
3506,(652) 391-2817
3507,1-397-029-8085
3508,(069) 905-7634
3509,145-909-3908
3510,457.435.7352
3511,1-677-549-0452
3512,700-593-6211
3513,(851) 193-4223
3514,725.693.4405
3515,861.027.9333
3516,291.542.0829
3517,(321) 380-8683
3518,774.646.8977
3519,1-673-373-6521
3520,1-399-631-1430
3521,522.871.8644
3522,178-146-8893
3523,077.373.3108
3524,978-451-1759
3525,063-907-3182
3526,(581) 796-1461
3527,066.885.3494
3528,912-805-3459
3529,195.486.8768
3530,184.659.3904
3531,221-628-1244
3532,401-795-9664
3533,(624) 531-2470
3534,853-221-4132
3535,256-940-1115
3536,461-327-6355
3537,+1-(049)-303-8696
3538,1-293-308-1554
3539,1-145-285-8757
3540,515.028.1187
3541,+1-(637)-175-6827
3542,343-139-6760
3543,859.508.9207
3544,(514) 029-1994
3545,1-654-894-2557
3546,1-189-984-6261
3547,1-583-357-1719
3548,1-003-167-6391
3549,037.893.6492
3550,(872) 391-5669
3551,155.370.1674
3552,(028) 590-7975
3553,+1-(564)-025-8322
3554,1-611-391-4676
3555,1-212-741-0173
3556,(801) 635-6508
3557,(066) 729-7807
3558,(047) 356-4824
3559,1-582-350-6356
3560,(581) 549-2077
3561,+1-(179)-264-5188
3562,042-151-8593
3563,(408) 625-9224
3564,1-224-378-4013
3565,+1-(685)-930-8937
3566,683.301.5707
3567,670.289.9637
3568,091-508-2023
3569,731.692.7890
3570,1-656-620-9895
3571,073.504.2353
3572,308-218-1562
3573,113.093.1330
3574,1-824-365-2856
3575,+1-(029)-533-4358
3576,+1-(429)-550-6268
3577,929-292-3795
3578,(114) 436-2298
3579,470-426-4459
3580,1-455-369-4882
3581,546.805.1443
3582,1-208-470-2201
3583,148.343.3962
3584,001.971.2783
3585,(441) 126-8208
3586,1-638-821-4224
3587,1-071-069-8041
3588,040-938-5693
3589,585-230-4230
3590,236.511.7346
3591,+1-(137)-872-5654
3592,229.888.5647
3593,(677) 910-9273
3594,1-848-496-1697
3595,+1-(483)-661-6390
3596,(228) 494-2985
3597,503.020.5319
3598,499-131-5100
3599,773-346-0089
3600,425.052.3491
3601,(399) 523-7557
3602,744.514.5894
3603,1-879-393-0368
3604,1-068-438-5725
3605,333.625.3365
3606,755.828.9518
3607,(487) 516-1312
3608,(849) 197-2458
3609,(599) 168-5592
3610,1-429-015-6829
3611,(391) 936-5388
3612,(614) 756-4683
3613,(555) 036-6690
3614,+1-(336)-055-5813
3615,1-820-592-0041
3616,(780) 116-4944
3617,400-763-5471
3618,064-452-5560
3619,1-378-507-2929
3620,496.267.1222
3621,(419) 728-6058
3622,159.122.0515
3623,1-807-027-7838
3624,153-403-7528
3625,1-903-990-5779
3626,1-337-707-3454
3627,(149) 870-1600
3628,(431) 684-6301
3629,+1-(818)-350-3624
3630,(597) 521-1604
3631,1-348-250-0107
3632,1-384-922-6627
3633,(055) 545-7326
3634,567-885-0792
3635,1-249-051-9849
3636,300-595-5398
3637,(904) 768-2450
3638,135-303-8843
3639,526-188-6828
3640,(328) 620-0961
3641,+1-(049)-619-1122
3642,781-247-9343
3643,+1-(687)-024-9699
3644,(846) 833-1260
3645,815.045.1323
3646,(068) 542-2211
3647,+1-(127)-688-0625
3648,172.295.6900
3649,383-913-2667
3650,271.532.8640
3651,261-924-5117
3652,103.561.4004
3653,1-705-695-8461
3654,+1-(470)-289-7117
3655,252.090.4743
3656,1-265-627-2095
3657,065.367.5857
3658,1-255-681-5171
3659,211-203-6941
3660,1-043-917-0321
3661,(856) 441-4224
3662,794-732-3066
3663,884-502-3210
3664,516-611-0508
3665,+1-(331)-886-9689
3666,+1-(253)-894-3998
3667,748.460.4296
3668,1-881-778-8709
3669,(064) 208-4214
3670,207.101.6461
3671,1-228-542-2295
3672,(173) 945-8191
3673,1-808-466-0341
3674,871.555.3824
3675,1-456-125-6706
3676,+1-(038)-279-0514
3677,968-064-1254
3678,+1-(623)-975-0896
3679,1-164-440-3412
3680,(370) 151-8827
3681,1-055-148-9207
3682,(357) 892-8734
3683,+1-(342)-889-0524
3684,813-959-0085
3685,749.467.3428
3686,987-565-0531
3687,1-181-107-7543
3688,025.047.6434
3689,+1-(224)-383-0067
3690,572.641.3929
3691,+1-(311)-619-3226
3692,(176) 068-7715
3693,+1-(990)-857-0508
3694,(618) 931-6972
3695,082.844.2109
3696,1-067-887-9187
3697,540.744.0157
3698,575.304.9432
3699,753.335.6386
3700,1-326-316-4714
3701,(527) 485-7844
3702,194.139.6694
3703,+1-(831)-153-2814
3704,354-259-9210
3705,+1-(426)-443-1393
3706,777-055-7274
3707,+1-(296)-060-8683
3708,+1-(661)-766-8009
3709,146-394-2255
3710,1-418-202-2392
3711,(055) 489-9918
3712,(331) 441-7566
3713,(128) 107-4038
3714,1-386-805-2227
3715,259.846.7157
3716,+1-(177)-641-4250
3717,(955) 213-0496
3718,(185) 250-5065
3719,+1-(623)-408-5695
3720,129.337.4429
3721,(908) 278-5761
3722,592.416.8288
3723,(677) 732-3005
3724,175.132.4202
3725,938.061.8962
3726,364-625-1180
3727,732-714-9362
3728,1-438-311-7324
3729,(485) 817-3095
3730,271-625-4201
3731,1-402-855-5252
3732,095.662.1237
3733,261-968-0167
3734,+1-(342)-859-6987
3735,1-230-043-4874
3736,1-027-673-7684
3737,1-677-678-7542
3738,1-074-325-3009
3739,+1-(015)-311-6479
3740,(872) 850-8306
3741,194-858-1764
3742,+1-(485)-096-0925
3743,(606) 950-9772
3744,+1-(850)-112-4961
3745,+1-(662)-255-0999
3746,242-534-7875
3747,(308) 122-5038
3748,793.928.8003
3749,743.657.0519
3750,1-778-526-2634
3751,1-900-050-8346
3752,1-946-237-2149
3753,597-517-5324
3754,1-514-317-3973
3755,1-506-559-0470
3756,(694) 590-1588
3757,1-083-133-5256
3758,1-709-443-2766
3759,(209) 784-2517
3760,(868) 727-8571
3761,+1-(097)-269-5040
3762,1-169-563-2203
3763,405.397.2949
3764,(894) 738-1517
3765,+1-(020)-083-4558
3766,(127) 004-1597
3767,565-703-1105
3768,264.776.4426
3769,+1-(447)-416-4273
3770,(050) 201-2597
3771,357.823.9080
3772,(820) 586-3260
3773,(696) 336-8079
3774,1-616-862-5692
3775,1-310-741-7880
3776,055.516.2911
3777,712-767-2724
3778,983.154.3884
3779,1-481-571-5526
3780,588-624-9686
3781,142-675-4609
3782,128.606.7589
3783,+1-(191)-080-1291
3784,049.250.0573
3785,(145) 695-5376
3786,796-875-0044
3787,(792) 726-2576
3788,(356) 739-1132
3789,197-028-9097
3790,1-477-014-7011
3791,273.495.9987
3792,1-253-587-8526
3793,861-059-5600
3794,(088) 914-4836
3795,842-544-0282
3796,(278) 648-8532
3797,1-246-770-0251
3798,779-762-4942
3799,(673) 844-7847
3800,961-065-4244
3801,951.484.1170
3802,012-891-1890
3803,678.975.8585
3804,472.727.7692
3805,+1-(582)-984-6390
3806,469.892.5244
3807,035-020-5663
3808,1-056-502-6668
3809,+1-(680)-877-7717
3810,998-539-9589
3811,331.688.0028
3812,1-539-261-4994
3813,(409) 561-5907
3814,492.023.3259
3815,(564) 873-1942
3816,+1-(889)-058-7199
3817,596.435.8604
3818,208.672.6007
3819,524-669-7276
3820,1-368-804-3820
3821,(359) 703-2218
3822,(214) 037-9614
3823,486.925.3921
3824,451-806-4786
3825,(428) 139-7501
3826,463-331-7240
3827,1-574-624-0407
3828,(648) 533-4813
3829,823.854.8790
3830,(734) 580-9085
3831,1-512-374-8046
3832,363-888-8136
3833,415.218.2598
3834,133-382-9673
3835,+1-(251)-807-4889
3836,096-581-2344
3837,1-524-514-9714
3838,+1-(587)-830-3111
3839,174-808-1588
3840,777.765.0466
3841,(555) 521-1733
3842,953.478.7646
3843,737-903-8581
3844,550-416-7669
3845,217.226.0359
3846,574-212-2069
3847,639.883.3487
3848,1-434-294-5080
3849,(600) 488-5897
3850,1-392-514-9547
3851,(171) 071-1042
3852,1-102-905-1341
3853,520.266.3543
3854,+1-(580)-100-7055
3855,(569) 371-3823
3856,684-967-9583
3857,1-971-562-4984
3858,549-973-0061
3859,272-979-3580
3860,+1-(567)-670-1420
3861,+1-(824)-429-8394
3862,1-884-043-0879
3863,625.425.1577
3864,280.744.2338
3865,777.770.0215
3866,1-189-657-8102
3867,(104) 417-2283
3868,847-407-3358
3869,1-772-052-7611
3870,(888) 839-3494
3871,(427) 016-2211
3872,1-856-734-5293
3873,+1-(170)-931-2202
3874,(998) 946-4852
3875,669.189.4319
3876,215-417-8979
3877,544.408.6200
3878,(710) 611-2465
3879,1-145-907-4054
3880,405.931.4840
3881,(435) 229-8647
3882,958.134.8939
3883,376-059-2220
3884,1-015-956-2221
3885,514-884-1977
3886,223.674.7622
3887,081-391-8023
3888,(225) 569-7835
3889,1-374-545-2500
3890,+1-(432)-112-1875
3891,391-045-9992
3892,(669) 085-4269
3893,172-084-6795
3894,813.375.3813
3895,1-283-997-0266
3896,1-215-292-1237
3897,1-615-729-5411
3898,192-663-4157
3899,1-233-951-6150
3900,1-343-355-2092
3901,043-328-2469
3902,1-762-868-7458
3903,264.740.4525
3904,251.106.3773
3905,296-105-1736
3906,(922) 934-1019
3907,977.983.2387
3908,398.487.2578
3909,+1-(349)-414-7029
3910,735-051-3082
3911,153.323.2625
3912,183-112-7253
3913,(828) 387-9924
3914,350-734-9100
3915,1-823-169-1530
3916,1-154-373-6314
3917,1-573-265-9143
3918,036.950.3592
3919,257.636.1649
3920,+1-(811)-382-0075
3921,+1-(559)-746-3765
3922,1-893-583-6987
3923,(833) 009-5603
3924,(300) 452-8699
3925,961.647.7826
3926,+1-(332)-497-7041
3927,473-972-4236
3928,877.377.9844
3929,924-971-6939
3930,+1-(924)-176-7036
3931,1-326-640-0509
3932,1-340-186-1812
3933,(929) 879-1218
3934,411-386-6536
3935,706.083.2531
3936,1-114-059-4702
3937,070-387-7418
3938,(747) 710-7821
3939,689-737-7538
3940,(636) 239-8290
3941,(310) 475-4014
3942,1-085-244-1727
3943,186.292.6264
3944,750.900.1072
3945,1-954-060-4766
3946,264-033-7048
3947,1-000-515-3038
3948,1-328-808-8839
3949,958.143.2933
3950,(297) 477-1817
3951,+1-(442)-984-5670
3952,185.435.4867
3953,(346) 413-8698
3954,+1-(849)-339-4860
3955,1-090-503-1781
3956,493.475.5846
3957,+1-(852)-726-0856
3958,+1-(598)-110-2100
3959,(588) 730-9610
3960,(596) 338-7148
3961,+1-(310)-962-8002
3962,1-363-411-9383
3963,(275) 677-3530
3964,+1-(152)-453-0244
3965,(387) 525-6727
3966,(983) 009-3602
3967,+1-(533)-641-9695
3968,(390) 501-5045
3969,038-598-5995
3970,928-014-7510
3971,+1-(943)-219-6922
3972,578-432-1571
3973,+1-(116)-791-9855
3974,481-999-9286
3975,238-054-1351
3976,922.023.8637
3977,(486) 056-5875
3978,+1-(585)-275-3750
3979,155-514-7961
3980,032.306.3820
3981,1-405-672-3703
3982,(125) 509-9309
3983,+1-(088)-238-6921
3984,(811) 565-9503
3985,+1-(010)-276-1336
3986,1-142-994-0786
3987,1-904-022-6933
3988,1-028-311-1199
3989,(688) 094-5777
3990,1-132-831-1172
3991,350.136.3313
3992,054.198.4208
3993,657.040.7699
3994,(197) 412-9974
3995,+1-(155)-171-6491
3996,309.943.1401
3997,(550) 929-7408
3998,105-534-0183
3999,(218) 556-6281
4000,+1-(668)-665-7193
4001,562.025.7502
4002,(602) 982-7384
4003,480.800.0945
4004,806-208-9240
4005,(899) 595-4080
4006,(940) 809-9429
4007,(391) 368-7785
4008,1-701-286-7703
4009,(525) 785-4639
4010,1-793-885-4590
4011,+1-(098)-328-6462
4012,847.308.4833
4013,082.110.3368
4014,(166) 051-0165
4015,909-156-0246
4016,658-145-1129
4017,(375) 362-3914
4018,1-980-310-5898
4019,1-229-514-8892
4020,1-138-606-8171
4021,+1-(406)-804-9204
4022,(861) 845-6265
4023,(208) 817-0510
4024,1-825-496-4306
4025,759-917-8876
4026,734.891.3388
4027,1-609-625-9034
4028,1-002-423-8747
4029,1-938-482-0912
4030,1-966-895-2834
4031,236-806-6004
4032,(989) 865-1820
4033,+1-(992)-203-5437
4034,+1-(738)-586-2392
4035,126.853.8306
4036,672.176.9671
4037,360.087.0576
4038,337.941.0977
4039,1-634-601-9697
4040,+1-(468)-684-4625
4041,(862) 356-0150
4042,1-234-908-9714
4043,536-145-5768
4044,(487) 588-4168
4045,321.865.3555
4046,013.318.0025
4047,(413) 079-8038
4048,1-149-116-5397
4049,262.463.7059
4050,323.485.7535
4051,1-952-389-0624
4052,(141) 523-9193
4053,883-171-1436
4054,489-711-9990
4055,609-139-6977
4056,+1-(228)-075-3314
4057,126-272-7289
4058,589-860-7609
4059,(411) 528-7217
4060,(045) 427-0083
4061,(046) 917-4570
4062,(663) 355-0578
4063,(362) 190-3230
4064,559.723.1889
4065,1-389-652-9937
4066,1-200-943-1875
4067,317-913-5107
4068,1-821-814-5529
4069,469-854-3269
4070,832-076-1991
4071,(289) 801-1600
4072,+1-(436)-585-0776
4073,563.295.0944
4074,1-393-189-1569
4075,+1-(954)-167-2813
4076,133.594.4478
4077,(209) 786-7707
4078,+1-(844)-672-5840
4079,375.941.9238
4080,(175) 631-3736
4081,(563) 999-8506
4082,969-793-3975
4083,1-579-528-0807
4084,(456) 204-0377
4085,101.133.4527
4086,826-126-6492
4087,970-360-1802
4088,471-321-8296
4089,510.175.0148
4090,715-041-3267
4091,990.693.3269
4092,861-720-4971
4093,(374) 209-6273
4094,672-792-4510
4095,+1-(745)-332-0231
4096,546.675.4822
4097,053-057-1527
4098,436.987.5549
4099,1-235-907-7033
4100,947-411-1125
4101,817.750.2960
4102,+1-(301)-022-3267
4103,663.489.4736
4104,654.811.2782
4105,086.297.4076
4106,1-628-703-1440
4107,1-864-585-2380
4108,(043) 789-5308
4109,+1-(577)-961-3865
4110,072-648-7628
4111,1-353-301-4535
4112,246-053-2757
4113,642-088-1903
4114,(895) 565-6478
4115,1-750-577-6853
4116,260-360-7756
4117,(034) 738-8213
4118,1-406-886-4730
4119,(145) 875-2370
4120,1-856-236-4301
4121,694-335-7980
4122,(279) 050-5358
4123,+1-(353)-373-8075
4124,(641) 181-7833
4125,(083) 858-3065
4126,+1-(374)-095-8063
4127,(979) 930-4513
4128,673.573.0874
4129,+1-(888)-344-6854
4130,(841) 977-0639
4131,+1-(798)-762-0880
4132,108.734.0671
4133,1-325-082-3768
4134,1-987-982-7969
4135,1-402-609-6168
4136,296-661-0359
4137,(648) 039-2914
4138,259.479.7075
4139,319-287-7807
4140,(341) 972-4072
4141,023.961.7494
4142,+1-(707)-224-3999
4143,026.081.7587
4144,+1-(649)-520-6048
4145,487-001-2884
4146,1-720-210-2479
4147,1-300-168-4390
4148,820.725.7389
4149,+1-(047)-657-4372
4150,(677) 069-0623
4151,871.582.7783
4152,1-188-241-6785
4153,843.012.4241
4154,433.408.4209
4155,+1-(385)-467-2971
4156,095.285.1127
4157,(925) 337-1157
4158,+1-(370)-899-7584
4159,(555) 874-0389
4160,+1-(014)-386-4317
4161,1-210-128-3664
4162,039.380.9452
4163,1-492-780-0617
4164,298.393.1295
4165,+1-(734)-185-5450
4166,+1-(960)-519-3635
4167,284-007-1929
4168,732-257-2519
4169,737.389.2841
4170,319.828.2697
4171,978.823.0969
4172,739.725.1566
4173,+1-(861)-384-9866
4174,253.528.6976
4175,963-767-2097
4176,(804) 347-9847
4177,1-339-510-1915
4178,860.815.3976
4179,145.822.2912
4180,(010) 208-9503
4181,1-096-319-4167
4182,(739) 778-2216
4183,1-141-402-8266
4184,017-010-3652
4185,(559) 768-9030
4186,1-618-577-6305
4187,1-742-066-2555
4188,427-245-0113
4189,160-036-7073
4190,(120) 274-4213
4191,104-537-4208
4192,(406) 275-0776
4193,793-258-0120
4194,621.081.1541
4195,+1-(439)-772-8746
4196,1-271-337-3472
4197,829-673-8793
4198,745.069.9916
4199,598-334-6730
4200,991.830.9912
4201,1-698-950-7794
4202,1-498-182-9909
4203,1-542-703-5011
4204,(722) 182-5307
4205,(828) 494-5172
4206,(107) 471-3165
4207,296-985-1984
4208,+1-(327)-021-0224
4209,1-968-310-1186
4210,649.719.1523
4211,180.213.7471
4212,+1-(181)-367-9018
4213,1-213-955-6064
4214,(243) 891-8739
4215,(528) 956-7627
4216,1-703-538-1503
4217,423.149.3293
4218,1-825-410-7656
4219,983-186-3386
4220,(659) 189-8538
4221,166-735-5912
4222,1-305-010-7479
4223,009.857.7232
4224,1-390-752-4692
4225,615-853-9666
4226,517-055-0564
4227,+1-(027)-778-6888
4228,1-552-985-8824
4229,291.695.3550
4230,897.916.1048
4231,1-647-020-6310
4232,1-534-266-0458
4233,902-324-0183
4234,933.271.2150
4235,+1-(553)-564-9769
4236,1-498-007-2662
4237,825.508.5853
4238,976.422.6544
4239,815.673.3255
4240,(050) 735-9933
4241,(327) 053-5610
4242,1-069-944-2420
4243,(451) 625-5560
4244,440.868.9800
4245,013-115-2961
4246,005-451-9868
4247,493.784.0880
4248,553.591.9277
4249,(517) 086-5914
4250,593-837-7292
4251,527-466-6001
4252,717.546.9766
4253,627-385-1118
4254,139-220-2092
4255,+1-(303)-124-2208
4256,1-375-967-1785
4257,493.765.3927
4258,1-847-860-4519
4259,893-542-0893
4260,959-431-7233
4261,(528) 704-2910
4262,952.418.6995
4263,768.736.7770
4264,1-462-204-2922
4265,+1-(313)-040-6506
4266,1-764-202-3543
4267,1-375-961-5501
4268,336.763.4981
4269,171.264.1898
4270,1-213-915-8800
4271,1-677-430-4960
4272,(941) 306-9063
4273,313.999.9625
4274,1-427-895-8234
4275,828-249-5654
4276,(509) 590-4642
4277,(677) 946-8712
4278,(968) 202-0945
4279,+1-(000)-844-1031
4280,(932) 050-6334
4281,1-726-167-3372
4282,471-837-3953
4283,797-824-6523
4284,103-527-9351
4285,912-297-4792
4286,(937) 292-4619
4287,1-896-751-5899
4288,1-203-461-7887
4289,150-157-1775
4290,749.578.2544
4291,(889) 752-9588
4292,1-217-756-8461
4293,1-505-256-7610
4294,1-055-333-6348
4295,1-124-089-8378
4296,945-896-6664
4297,966-745-0985
4298,(823) 379-6963
4299,(008) 639-6841
4300,(938) 963-9207
4301,+1-(792)-839-7472
4302,+1-(029)-743-1260
4303,466-341-5528
4304,701-075-4990
4305,(816) 538-9027
4306,(717) 572-4604
4307,368-419-5862
4308,547.921.1300
4309,408.281.4799
4310,1-270-047-9196
4311,(132) 225-5924
4312,(570) 932-1775
4313,+1-(716)-757-4277
4314,545.160.0940
4315,1-646-914-5580
4316,961.533.4169
4317,1-093-415-5451
4318,(981) 681-2944
4319,171.218.3933
4320,395.742.6733
4321,919.696.6191
4322,1-408-698-8497
4323,751.772.7068
4324,823-729-3542
4325,293-189-3583
4326,654.311.0859
4327,333-836-4998
4328,163.226.3140
4329,(481) 385-1362
4330,1-580-962-5341
4331,+1-(464)-676-0553
4332,(331) 201-9063
4333,965-536-9958
4334,259.301.1509
4335,(289) 319-7065
4336,(706) 836-6095
4337,551-743-4465
4338,1-933-686-6912
4339,(394) 660-3753
4340,(686) 146-3317
4341,1-913-966-4624
4342,(708) 710-4593
4343,870-212-8159
4344,(610) 071-5554
4345,707.182.7958
4346,157.226.4384
4347,497-146-0909
4348,563.208.6388
4349,1-345-388-5961
4350,995-444-0690
4351,414.308.5416
4352,(296) 563-4655
4353,(255) 969-1324
4354,(244) 152-3386
4355,479-220-8230
4356,(017) 966-4976
4357,(001) 927-2136
4358,735-105-0307
4359,(453) 714-5746
4360,(070) 401-8088
4361,(442) 794-4601
4362,1-767-052-7810
4363,(969) 971-5776
4364,(439) 816-0208
4365,1-721-441-2119
4366,871-001-8877
4367,(472) 279-2831
4368,(531) 818-1280
4369,1-597-923-6794
4370,(296) 156-2287
4371,1-928-582-2952
4372,500.159.9649
4373,569.067.8539
4374,335-844-9391
4375,1-848-039-6956
4376,(178) 316-1390
4377,+1-(225)-932-6581
4378,678.430.1217
4379,(487) 446-5059
4380,214-905-9753
4381,1-891-530-7826
4382,294.946.6091
4383,778-366-0443
4384,+1-(070)-064-9817
4385,949.872.2832
4386,987-829-4175
4387,(271) 527-6582
4388,742.826.1678
4389,(583) 681-2825
4390,+1-(310)-637-9249
4391,226.334.7031
4392,726-220-2822
4393,1-609-330-2830
4394,(752) 116-6405
4395,786.440.4124
4396,+1-(264)-856-9368
4397,1-868-359-1865
4398,1-183-350-3140
4399,386.109.9461
4400,751.468.1139
4401,746.907.3445
4402,1-055-729-9230
4403,168.590.9002
4404,(722) 917-3306
4405,(164) 305-8147
4406,388.761.1460
4407,(742) 088-8838
4408,+1-(953)-968-7492
4409,(400) 419-3611
4410,344.172.1325
4411,936.085.5853
4412,490-347-6685
4413,955-239-2310
4414,(863) 360-1093
4415,(535) 131-0874
4416,921.559.2911
4417,829-015-7499
4418,+1-(122)-709-0436
4419,483.776.0808
4420,1-049-315-9539
4421,(297) 173-1422
4422,1-027-615-1107
4423,498-082-3730
4424,(457) 346-8457
4425,+1-(627)-530-3471
4426,1-360-237-3578
4427,(726) 226-8198
4428,507.265.5204
4429,(063) 863-3851
4430,(580) 558-8696
4431,1-575-693-8634
4432,656-726-9911
4433,812.062.6313
4434,642-430-9961
4435,1-034-543-9913
4436,211-815-4110
4437,212.793.6120
4438,1-098-221-5632
4439,816.047.4297
4440,+1-(594)-898-3051
4441,424.907.6904
4442,908.644.6196
4443,1-608-982-5311
4444,(220) 433-2589
4445,1-647-057-0414
4446,1-939-012-7131
4447,1-398-482-2131
4448,(870) 376-8596
4449,(209) 371-5132
4450,058-797-9115
4451,260-786-6812
4452,(775) 124-8813
4453,(809) 988-9814
4454,(120) 602-7765
4455,1-379-352-0625
4456,917.889.2760
4457,443-677-3581
4458,528-316-0032
4459,(532) 303-1399
4460,930-374-1608
4461,1-076-942-6061
4462,215-910-1364
4463,(482) 831-2276
4464,791-475-0271
4465,625.224.7493
4466,672.532.2000
4467,888.601.4238
4468,1-655-989-0333
4469,1-128-260-5581
4470,+1-(087)-576-7541
4471,530-704-0406
4472,913.475.6159
4473,1-646-129-1890
4474,218.260.4162
4475,(434) 386-0044
4476,830.604.0455
4477,1-267-799-7985
4478,1-181-097-0536
4479,(203) 186-6514
4480,+1-(124)-974-9838
4481,(083) 284-3515
4482,+1-(721)-679-6610
4483,(436) 779-9485
4484,781-819-3129
4485,293.739.7735
4486,1-044-415-4358
4487,1-826-340-7299
4488,199.532.2716
4489,1-506-579-4439
4490,1-868-390-2321
4491,986-732-9287
4492,590.558.8616
4493,(565) 900-7404
4494,271.110.7073
4495,(391) 716-6664
4496,(836) 035-2457
4497,(433) 917-4683
4498,611-469-9923
4499,612-629-4383
4500,813.850.8046
4501,1-466-535-7014
4502,1-187-149-0150
4503,1-027-970-3163
4504,1-813-132-4422
4505,221.200.2737
4506,243-890-7230
4507,1-479-221-5693
4508,510.916.5558
4509,172.860.8418
4510,972.874.9478
4511,+1-(471)-161-7734
4512,324.998.2204
4513,(475) 434-9077
4514,(029) 259-4418
4515,(249) 459-4691
4516,1-375-020-6871
4517,+1-(212)-427-7664
4518,141-726-7981
4519,+1-(402)-959-9759
4520,891-158-3728
4521,+1-(486)-273-0837
4522,547-780-7767
4523,846-142-8552
4524,+1-(303)-301-1878
4525,(079) 913-1720
4526,625-298-9121
4527,(656) 171-5217
4528,(801) 712-5694
4529,1-436-007-3480
4530,472.071.5306
4531,130.710.8745
4532,1-887-088-2306
4533,251-167-7199
4534,563-131-0120
4535,(103) 469-2995
4536,+1-(262)-261-3663
4537,(747) 986-9376
4538,1-297-094-6930
4539,(204) 061-8812
4540,1-737-922-6825
4541,1-593-544-1986
4542,414-035-5147
4543,553.245.8861
4544,1-990-716-9709
4545,1-589-902-6687
4546,652-805-9882
4547,287-512-7956
4548,+1-(812)-030-9883
4549,1-968-829-7760
4550,(251) 798-7592
4551,056.267.0130
4552,832-078-6635
4553,106.454.3040
4554,254.979.0336
4555,499-560-8025
4556,943.862.8301
4557,1-067-614-8107
4558,1-931-717-6981
4559,(477) 658-2519
4560,1-432-907-5972
4561,1-750-691-3850
4562,655.355.1859
4563,1-541-545-3467
4564,371-764-2479
4565,1-106-529-9475
4566,897-801-7947
4567,333.955.7750
4568,1-651-628-1252
4569,991-128-3140
4570,494.773.8059
4571,(476) 502-3309
4572,1-223-639-2838
4573,1-192-099-0184
4574,569-228-4941
4575,1-481-090-8773
4576,1-301-111-5405
4577,1-959-868-5398
4578,427-287-6319
4579,606-081-9832
4580,(638) 295-8638
4581,487.117.0939
4582,1-900-252-3266
4583,163-376-3047
4584,(191) 306-2393
4585,066.161.9906
4586,(446) 257-7948
4587,395.254.0386
4588,(623) 364-9197
4589,102.889.1298
4590,+1-(303)-820-9097
4591,741.678.3231
4592,(272) 362-8469
4593,1-295-542-7005
4594,967-358-9153
4595,+1-(419)-946-4720
4596,(424) 853-2823
4597,(014) 654-9830
4598,250-645-8035
4599,+1-(840)-037-0858
4600,688.371.3763
4601,320-531-1147
4602,977-439-2629
4603,609.831.6202
4604,372.213.3208
4605,1-703-380-0327
4606,1-614-822-0113
4607,019-647-7226
4608,1-905-880-4021
4609,082.776.5330
4610,1-193-608-1629
4611,+1-(444)-397-9787
4612,983.529.5748
4613,120-025-0432
4614,1-526-928-6309
4615,794.276.1370
4616,(935) 398-7539
4617,+1-(907)-965-7053
4618,1-814-097-3155
4619,251.210.7265
4620,(521) 028-4595
4621,1-553-854-3971
4622,942-270-0674
4623,257-234-2281
4624,+1-(083)-013-7244
4625,(762) 062-8745
4626,1-837-677-9102
4627,(119) 661-7851
4628,993-030-0229
4629,418-356-8613
4630,651.410.7240
4631,417.239.6373
4632,+1-(777)-123-6682
4633,1-751-588-1534
4634,930-887-7312
4635,332-773-3685
4636,(715) 288-3788
4637,1-120-783-3445
4638,1-689-658-8730
4639,(687) 538-5586
4640,975.773.4939
4641,153.713.7791
4642,192.497.9260
4643,(974) 993-6019
4644,1-761-869-0392
4645,158-410-4942
4646,715.727.3710
4647,217.433.4972
4648,453-822-3682
4649,807-150-6982
4650,384.347.7928
4651,+1-(799)-157-9675
4652,666-457-3694
4653,209.174.2097
4654,1-792-116-0521
4655,352-945-0536
4656,(706) 060-8120
4657,281-920-5405
4658,983.014.1279
4659,(284) 878-4766
4660,339.183.9013
4661,1-290-507-5389
4662,1-217-588-0192
4663,440-500-6057
4664,477-685-2767
4665,887-542-9743
4666,653.581.7844
4667,1-187-455-5590
4668,059.092.9282
4669,088.234.6380
4670,501-990-0699
4671,052-149-0196
4672,(177) 730-1075
4673,(898) 864-8611
4674,034.244.1925
4675,(821) 936-7333
4676,1-889-169-4126
4677,+1-(656)-573-7664
4678,1-069-379-5658
4679,536-669-3886
4680,981-810-5297
4681,1-472-100-7413
4682,810-028-8562
4683,639.851.8206
4684,348-466-7811
4685,(883) 905-1070
4686,408-788-0624
4687,+1-(901)-464-9374
4688,+1-(603)-461-9128
4689,813-955-1201
4690,1-983-781-7990
4691,005.785.1960
4692,052.654.0339
4693,1-107-237-2867
4694,(570) 061-4089
4695,833-373-5016
4696,366.019.6598
4697,(906) 533-9419
4698,144-687-7101
4699,1-018-231-4065
4700,1-795-770-4354
4701,204.366.0776
4702,1-141-679-2397
4703,1-422-782-8113
4704,1-960-648-5311
4705,1-993-839-0382
4706,1-170-684-6659
4707,(410) 863-5492
4708,1-275-895-9911
4709,270.940.5328
4710,1-954-033-3094
4711,(625) 533-0074
4712,1-122-936-1087
4713,+1-(551)-367-1493
4714,1-543-293-5554
4715,1-587-150-2549
4716,907.744.0695
4717,779.674.0168
4718,273.833.5353
4719,(184) 492-2840
4720,+1-(094)-153-8529
4721,(836) 199-0543
4722,1-254-406-4753
4723,094-322-3811
4724,630-543-6507
4725,+1-(976)-557-2332
4726,773-531-8459
4727,681.637.1059
4728,924.426.0598
4729,169-867-6015
4730,(888) 717-1857
4731,511-849-0173
4732,467.248.4736
4733,451-965-4887
4734,1-140-852-2895
4735,(422) 904-8818
4736,(632) 007-8531
4737,(384) 972-8989
4738,134-579-8143
4739,1-729-237-0689
4740,642-779-5292
4741,713-979-5493
4742,245.897.6751
4743,333-970-0223
4744,1-215-365-2565
4745,903-254-7003
4746,+1-(448)-551-0627
4747,301.184.2302
4748,261.384.7630
4749,071.280.1993
4750,274.461.7767
4751,+1-(718)-850-3897
4752,863-435-6477
4753,(122) 386-0226
4754,249-209-4789
4755,811-342-4812
4756,689.124.9367
4757,(745) 546-3626
4758,130-674-8313
4759,+1-(563)-017-1036
4760,1-426-802-7409
4761,+1-(822)-751-6816
4762,(007) 041-3323
4763,290-761-0114
4764,945-222-6417
4765,1-170-262-3045
4766,157.700.7649
4767,059.966.5716
4768,(321) 880-5661
4769,1-099-891-2135
4770,1-987-125-1082
4771,(611) 362-5996
4772,+1-(856)-248-4834
4773,043-028-5774
4774,306-343-8838
4775,+1-(312)-380-6893
4776,440-636-3716
4777,692.530.8099
4778,+1-(623)-224-7744
4779,921-955-5324
4780,1-758-558-0066
4781,486.506.1276
4782,1-737-487-2790
4783,666-174-0511
4784,(391) 726-1181
4785,1-366-670-9422
4786,+1-(549)-702-8531
4787,432.260.2154
4788,1-656-729-1530
4789,1-652-324-3620
4790,826.299.7660
4791,1-338-488-7052
4792,(912) 682-9892
4793,802-291-4977
4794,1-533-973-7824
4795,462.369.3545
4796,1-216-069-9630
4797,+1-(070)-991-5489
4798,101.255.2313
4799,1-433-337-7689
4800,+1-(793)-686-4487
4801,917.430.2075
4802,486-487-7845
4803,+1-(786)-499-8072
4804,916-047-5062
4805,+1-(082)-247-0482
4806,054.288.2062
4807,291.670.2581
4808,1-593-136-2800
4809,(295) 162-8334
4810,(973) 735-8554
4811,371.559.9822
4812,309-851-0128
4813,(869) 513-5020
4814,897.734.8538
4815,+1-(687)-111-7858
4816,(807) 666-7315
4817,494.415.5447
4818,(348) 753-4946
4819,1-806-326-3864
4820,+1-(319)-052-4961
4821,(076) 644-5500
4822,(811) 497-5599
4823,1-859-914-8804
4824,111-165-1976
4825,(096) 289-1241
4826,932-532-4779
4827,+1-(477)-400-3622
4828,+1-(422)-657-3999
4829,1-856-158-5141
4830,+1-(791)-445-6858
4831,1-196-650-7519
4832,(742) 273-7103
4833,1-587-798-7991
4834,1-184-580-5171
4835,(875) 489-9482
4836,860-988-3468
4837,426.463.7501
4838,(875) 725-0026
4839,+1-(787)-757-7282
4840,808.308.9663
4841,1-062-094-1686
4842,385-497-2532
4843,081-325-2426
4844,1-665-669-3682
4845,318.386.7298
4846,1-148-810-4481
4847,456-829-4255
4848,(577) 430-6800
4849,423-622-3812
4850,(770) 144-5564
4851,827-514-4037
4852,163.463.5364
4853,136.852.4451
4854,092-184-9858
4855,(163) 848-5452
4856,(714) 367-8386
4857,(362) 720-8151
4858,(904) 490-9471
4859,1-654-224-5327
4860,(596) 576-7021
4861,787-441-7020
4862,323-434-3987
4863,332.812.4461
4864,1-551-126-0540
4865,(741) 693-3718
4866,609-154-5080
4867,(836) 721-3780
4868,207.866.0219
4869,568.027.5277
4870,(875) 535-1090
4871,1-945-415-9074
4872,101.631.0915
4873,1-767-142-0621
4874,1-411-882-3672
4875,087.607.4481
4876,700.438.0215
4877,574.840.7992
4878,536.335.0002
4879,(285) 012-0678
4880,(942) 059-5936
4881,+1-(276)-524-2731
4882,743.075.4841
4883,(128) 527-4802
4884,802-284-5592
4885,1-574-500-6593
4886,824-043-9279
4887,828.627.7212
4888,1-332-245-7210
4889,360.876.9377
4890,(001) 259-1391
4891,+1-(428)-842-2644
4892,603-803-4373
4893,1-435-158-5056
4894,+1-(526)-154-5743
4895,(255) 823-1451
4896,554-464-0117
4897,353-513-6890
4898,1-718-625-3142
4899,(579) 020-7246
4900,(863) 847-4779
4901,1-026-302-3454
4902,491.579.5814
4903,666-268-1028
4904,130-526-4809
4905,337-565-7366
4906,1-894-622-3819
4907,038.610.5216
4908,(136) 465-3997
4909,627-617-1015
4910,(315) 918-6645
4911,(422) 593-6631
4912,869-222-7887
4913,(986) 415-5357
4914,(074) 913-3108
4915,381.675.1602
4916,1-923-839-7363
4917,+1-(967)-758-1305
4918,(483) 891-7958
4919,(957) 258-1115
4920,1-070-048-7890
4921,+1-(042)-216-4272
4922,853-107-9940
4923,597-397-5249
4924,601.120.5384
4925,258-905-2274
4926,(556) 987-5959
4927,(547) 610-4765
4928,453-193-6191
4929,847-488-1313
4930,+1-(920)-621-1762
4931,803-142-4389
4932,999-413-0659
4933,(377) 904-2268
4934,504.724.0116
4935,988-731-0001
4936,910.380.5885
4937,(331) 604-0259
4938,(192) 806-6155
4939,+1-(797)-761-5900
4940,703.119.1296
4941,(208) 175-0635
4942,+1-(170)-160-8440
4943,+1-(083)-365-5267
4944,(123) 765-0096
4945,890.010.3425
4946,244-076-3194
4947,(953) 610-9072
4948,(191) 697-6724
4949,(408) 311-8905
4950,(068) 496-9616
4951,508.429.1719
4952,579.209.4868
4953,052.706.9043
4954,849-126-4444
4955,1-034-721-7713
4956,1-627-934-8102
4957,(765) 548-8884
4958,1-024-626-6655
4959,(135) 526-9777
4960,(697) 969-0533
4961,1-782-455-6009
4962,1-522-386-7799
4963,424-749-8440
4964,+1-(123)-218-2639
4965,234-891-5708
4966,1-967-994-9631
4967,593.187.8655
4968,(738) 863-7075
4969,271.802.6452
4970,1-644-450-2176
4971,1-210-616-0803
4972,312-558-4704
4973,523.963.7282
4974,352.252.1817
4975,1-088-280-0847
4976,1-604-721-2507
4977,636-038-7876
4978,+1-(494)-605-2928
4979,018.400.8688
4980,038.927.5769
4981,1-196-483-8574
4982,1-356-258-8509
4983,741-692-5428
4984,1-514-409-6309
4985,706.798.9565
4986,1-095-598-2035
4987,1-243-759-7980
4988,1-365-054-1408
4989,031-625-6917
4990,870-787-8937
4991,1-956-214-0530
4992,+1-(575)-406-3049
4993,+1-(571)-652-8277
4994,1-008-920-2077
4995,(260) 142-2183
4996,1-777-241-9378
4997,+1-(997)-677-0504
4998,1-177-901-3925
4999,507-564-6770
5000,1-665-610-7534
